,latlng
0,"普陀区长风一村小区('121.402775', '31.231176')"
1,"普陀区光复西路2163弄('122.323867', '29.971760')"
2,"普陀区桂巷新村('121.400124', '31.237287')"
3,"普陀区北巷小区('121.392481', '31.238349')"
4,"普陀区光复西路2185弄('121.405221', '31.221391')"
5,"普陀区长风一村小区('121.402775', '31.231176')"
6,"普陀区中星海上名庭（三期）('121.390321', '31.240387')"
7,"普陀区长风二村风荷园('121.399441', '31.233624')"
8,"普陀区中天SOHO('122.286390', '29.940637')"
9,"普陀区书香名第('118.576815', '31.129739')"
10,"普陀区长风二村长风馨苑('121.399990', '31.232789')"
11,"普陀区上钞苑('121.387818', '31.240478')"
12,"普陀区芝巷小区('121.393282', '31.237583')"
13,"普陀区梅岭新村('121.393934', '31.243625')"
14,"普陀区桂巷新村('121.400124', '31.237287')"
15,"普陀区桂巷新村('121.400124', '31.237287')"
16,"普陀区沁和园('121.383729', '31.226664')"
17,"普陀区芝巷小区('121.393282', '31.237583')"
18,"普陀区长风二村风荷园('121.399441', '31.233624')"
19,"普陀区光复西路2213弄('122.323867', '29.971760')"
20,"普陀区上钞桂花苑('121.388827', '31.238752')"
21,"普陀区锦绣里('121.447658', '31.242946')"
22,"普陀区圣天地服务式公寓('113.606457', '22.769178')"
23,"普陀区湖南大厦('112.997620', '28.189510')"
24,"普陀区水岸茗苑('121.426694', '31.231937')"
25,"普陀区乐活居('121.439464', '31.246222')"
26,"普陀区康怡苑('121.433622', '31.243543')"
27,"普陀区苏堤春晓名苑('121.429585', '31.236658')"
28,"普陀区上青佳园('121.437120', '31.241639')"
29,"普陀区沙田花园('121.433568', '31.235799')"
30,"普陀区大上海城市花园('121.430661', '31.243750')"
31,"普陀区绿洲城市花园('121.432507', '31.240521')"
32,"普陀区美豪怡致酒店('121.427842', '31.231652')"
33,"普陀区世纪之门('121.438994', '31.247371')"
34,"普陀区圣天地服务式公寓('113.606457', '22.769178')"
35,"普陀区梅山馨苑('121.435167', '31.235933')"
36,"普陀区恒盛鼎城圣都汇('121.387502', '31.278357')"
37,"普陀区桃浦五村杜鹃苑('121.351733', '31.286030')"
38,"普陀区安居金祁新城('121.386513', '31.293182')"
39,"普陀区恒盛鼎城圣都汇('121.387502', '31.278357')"
40,"普陀区恒盛鼎城圣都汇('121.387502', '31.278357')"
41,"普陀区祥和星宇花园(一期)('121.396355', '31.280658')"
42,"普陀区溢盈河畔别墅('121.339149', '31.292295')"
43,"普陀区安居金祁新城('121.386513', '31.293182')"
44,"普陀区安达家园('121.342924', '31.291226')"
45,"普陀区桃浦五村山茶苑('121.384804', '31.274737')"
46,"普陀区桃浦二村永汇新苑('121.352029', '31.277919')"
47,"普陀区桃浦六村樱花苑('121.354156', '31.283868')"
48,"普陀区桃浦十村（紫藤苑小区白丽路701弄）('121.346149', '31.286912')"
49,"普陀区桃浦五村迎春苑('121.348140', '31.284745')"
50,"普陀区桃浦一村海棠苑('121.362119', '31.237583')"
51,"普陀区中环名品公馆('121.395949', '31.283776')"
52,"普陀区桃浦新家园('121.347761', '31.288315')"
53,"普陀区桃浦七村雪松苑('121.353256', '31.286722')"
54,"普陀区华和民祥园（北园）('122.323867', '29.971760')"
55,"普陀区荣和怡景园('121.389431', '31.275626')"
56,"普陀区中环名品公馆('121.395949', '31.283776')"
57,"普陀区安居锦竹苑('121.347818', '31.290091')"
58,"普陀区桃浦五村迎春苑('121.348140', '31.284745')"
59,"普陀区同进理想城('121.333375', '31.292141')"
60,"普陀区真南路822弄521支弄('121.384905', '31.279232')"
61,"普陀区真建一小区('121.380947', '31.261127')"
62,"普陀区恒盛鼎城华公馆('121.388951', '31.278345')"
63,"普陀区安居金祁新城('121.386513', '31.293182')"
64,"普陀区春光家园('121.391191', '31.258372')"
65,"普陀区恒盛鼎城圣都汇('121.387502', '31.278357')"
66,"普陀区沙田花园('121.433568', '31.235799')"
67,"普陀区澳门小区('121.436543', '31.246159')"
68,"普陀区源达大厦('121.438880', '31.241868')"
69,"普陀区苏堤春晓名苑('121.429585', '31.236658')"
70,"普陀区常德大厦('121.436635', '31.240358')"
71,"普陀区圣天地服务式公寓('113.606457', '22.769178')"
72,"普陀区圣天地服务式公寓('113.606457', '22.769178')"
73,"普陀区世纪之门('121.438994', '31.247371')"
74,"普陀区玉佛城('121.445475', '31.242855')"
75,"普陀区汇丽花园('121.429065', '31.235265')"
76,"普陀区德怡苑('121.432282', '31.243138')"
77,"普陀区上青佳园('121.437120', '31.241639')"
78,"普陀区国鑫大厦('121.433031', '31.236996')"
79,"普陀区陕西北路1283弄('121.442594', '31.241392')"
80,"普陀区绿洲城市花园('121.432507', '31.240521')"
81,"普陀区圣天地服务式公寓('113.606457', '22.769178')"
82,"普陀区半岛花园('121.435026', '31.247178')"
83,"普陀区梅川四街坊('121.389442', '31.245189')"
84,"普陀区梅川馨苑('121.397595', '31.239900')"
85,"普陀区桂巷新村('121.400124', '31.237287')"
86,"普陀区上钞桂花苑('121.388827', '31.238752')"
87,"普陀区桂巷新村('121.400124', '31.237287')"
88,"普陀区新村路350弄('121.432388', '31.265412')"
89,"普陀区西部名都花园('121.430003', '31.263407')"
90,"普陀区宜川一村('121.440002', '31.261058')"
91,"普陀区樱花苑('121.354156', '31.283868')"
92,"普陀区秋月枫舍('121.429974', '31.249033')"
93,"普陀区嘉富利大厦('121.428845', '31.250616')"
94,"普陀区石泉大厦('121.429620', '31.251878')"
95,"普陀区岚皋大楼('121.426894', '31.246431')"
96,"普陀区新村路350弄('121.432388', '31.265412')"
97,"普陀区甘泉路5弄('121.435532', '31.263986')"
98,"普陀区嘉华苑(普陀)('121.448506', '31.255281')"
99,"普陀区天成小区('121.431884', '31.261965')"
100,"普陀区宜川三村('121.443961', '31.259873')"
101,"普陀区洛川路30弄('121.444584', '31.262451')"
102,"普陀区宜川三村('121.443961', '31.259873')"
103,"普陀区金原新苑('121.427774', '31.258815')"
104,"普陀区泰山三村('121.446627', '31.257848')"
105,"普陀区志丹路181弄('121.429680', '31.265420')"
106,"普陀区章家巷小区('121.433197', '31.261267')"
107,"普陀区西部名邸('121.424344', '31.264178')"
108,"普陀区长新小区(普陀)('121.434238', '31.266964')"
109,"普陀区泰山一村('119.958187', '31.820705')"
110,"普陀区汪家井小区('121.441620', '31.265957')"
111,"普陀区志丹路181弄('121.429680', '31.265420')"
112,"普陀区延长西路780弄('121.426150', '31.259965')"
113,"普陀区新沪小区('121.437461', '31.268430')"
114,"普陀区悠诗阁('121.442172', '31.267236')"
115,"普陀区东泉苑小区('121.431405', '31.270671')"
116,"普陀区宜川四村('121.415740', '31.235458')"
117,"普陀区子长小区('121.433565', '31.261874')"
118,"普陀区甘泉一村('121.431977', '31.264356')"
119,"普陀区延长小区(普陀)('121.441620', '31.265957')"
120,"普陀区甘泉三村('121.426632', '31.260647')"
121,"普陀区甘泉苑('121.433305', '31.260862')"
122,"普陀区宜川六村('121.437130', '31.258932')"
123,"普陀区宜川三村('121.443961', '31.259873')"
124,"普陀区宜川三村('121.443961', '31.259873')"
125,"普陀区南泉苑('121.423634', '31.268989')"
126,"普陀区祥和名邸(公寓)('121.377273', '31.242470')"
127,"普陀区建德花园玫瑰苑(公寓)('121.360333', '31.235880')"
128,"普陀区梅川四街坊('121.389442', '31.245189')"
129,"普陀区金沙雅苑(四期)('121.368957', '31.237125')"
130,"普陀区绿洲湖畔花园('121.380666', '31.235042')"
131,"普陀区真北路1143弄('121.383026', '31.238319')"
132,"普陀区朝霞新苑('121.366493', '31.241145')"
133,"普陀区车站新村(普陀)('121.402226', '31.260788')"
134,"普陀区天汇广场('121.401881', '31.255676')"
135,"普陀区水塘小区('121.399809', '31.250578')"
136,"普陀区中海臻如府('121.412604', '31.250265')"
137,"普陀区天汇广场('121.401881', '31.255676')"
138,"普陀区中海臻如府('121.412604', '31.250265')"
139,"普陀区中海臻如府('121.412604', '31.250265')"
140,"普陀区中海臻如府('121.412604', '31.250265')"
141,"普陀区中海臻如府('121.412604', '31.250265')"
142,"普陀区水塘小区('121.399809', '31.250578')"
143,"普陀区曹杨八村('121.406778', '31.246478')"
144,"普陀区海棠苑('121.362119', '31.237583')"
145,"普陀区市政馨苑('121.413533', '31.254104')"
146,"普陀区石岚二村('121.422880', '31.249501')"
147,"普陀区中海臻如府('121.412604', '31.250265')"
148,"普陀区真北一街坊('121.398191', '31.258197')"
149,"普陀区中海臻如府('121.412604', '31.250265')"
150,"普陀区市政馨苑('121.413533', '31.254104')"
151,"普陀区中海臻如府('121.412604', '31.250265')"
152,"普陀区高尚领域('121.408711', '31.252804')"
153,"普陀区星河世纪广场('121.395172', '31.262197')"
154,"普陀区中海臻如府('121.412604', '31.250265')"
155,"普陀区上海星港('121.412260', '31.244547')"
156,"普陀区上海知音苑('121.427323', '31.233833')"
157,"普陀区国鑫大厦('121.433031', '31.236996')"
158,"普陀区陕西北路1283弄('121.442594', '31.241392')"
159,"普陀区乐活居('121.439464', '31.246222')"
160,"普陀区绿洲城市花园('121.432507', '31.240521')"
161,"普陀区绿洲城市花园('121.432507', '31.240521')"
162,"普陀区圣天地服务式公寓('113.606457', '22.769178')"
163,"普陀区宗鑫公寓('121.449016', '31.243120')"
164,"普陀区世纪之门('121.438994', '31.247371')"
165,"普陀区乐活居('121.439464', '31.246222')"
166,"普陀区德诚大厦('121.433278', '31.244213')"
167,"普陀区世纪之门('121.438994', '31.247371')"
168,"普陀区清涧三街坊('121.386435', '31.261638')"
169,"普陀区真光第四小区('121.381542', '31.255102')"
170,"普陀区真光第四小区('121.381542', '31.255102')"
171,"普陀区真光新村第二小区('121.386555', '31.254419')"
172,"普陀区真光新村第二小区('121.386555', '31.254419')"
173,"普陀区真光七街坊('121.386412', '31.251790')"
174,"普陀区阳光威尼斯AB区('121.368138', '31.259064')"
175,"普陀区真光新村第二小区('121.386555', '31.254419')"
176,"普陀区真光八街坊('121.380338', '31.250399')"
177,"普陀区上海家园('121.391191', '31.258372')"
178,"普陀区真光九街坊('122.323867', '29.971760')"
179,"普陀区真情公寓('121.384472', '31.254896')"
180,"普陀区真情公寓('121.384472', '31.254896')"
181,"普陀区阳光威尼斯AB区('121.368138', '31.259064')"
182,"普陀区真光七街坊('121.386412', '31.251790')"
183,"普陀区真情公寓('121.384472', '31.254896')"
184,"普陀区真光第四小区('121.381542', '31.255102')"
185,"普陀区真光新村第二小区('121.386555', '31.254419')"
186,"普陀区新湖明珠城（三期）('121.427424', '31.243045')"
187,"普陀区新湖明珠城（三期）('121.427424', '31.243045')"
188,"普陀区白玉新村('121.414401', '31.232786')"
189,"普陀区中山北路2626弄('121.421499', '31.242485')"
190,"普陀区绿地世纪城(二期)('121.422581', '31.230467')"
191,"普陀区白玉苑('121.417214', '31.231937')"
192,"普陀区武宁路74弄('121.423495', '31.239119')"
193,"普陀区绿地世纪城(二期)('121.422581', '31.230467')"
194,"普陀区绿地世纪城(一期)('121.422581', '31.230467')"
195,"普陀区新湖明珠城（三期）('121.427424', '31.243045')"
196,"普陀区绿洲广场('121.413769', '31.236065')"
197,"普陀区新湖明珠城（一二期）('121.427424', '31.243045')"
198,"普陀区武宁一村('121.425511', '31.239516')"
199,"普陀区白玉新村('121.414401', '31.232786')"
200,"普陀区白玉大楼('121.413749', '31.231900')"
201,"普陀区曹家巷小区('121.410824', '31.228745')"
202,"普陀区康泰公寓('121.414341', '31.229760')"
203,"普陀区绿地世纪城(三期)('121.422581', '31.230467')"
204,"普陀区逸流公寓('121.421835', '31.237232')"
205,"普陀区武宁一村('121.425511', '31.239516')"
206,"普陀区锦绿新城('121.420686', '31.233599')"
207,"普陀区绿地海珀玉晖('122.323867', '29.971760')"
208,"普陀区西谈家渡路17弄('121.421158', '31.235009')"
209,"普陀区大华清水湾('121.412321', '31.227339')"
210,"普陀区绿地世纪城(一期)('121.422581', '31.230467')"
211,"普陀区普雄馨苑('121.424192', '31.236978')"
212,"普陀区白玉大楼('121.413749', '31.231900')"
213,"普陀区新湖明珠城（一二期）('121.427424', '31.243045')"
214,"普陀区中山北路3904弄('121.411507', '31.226355')"
215,"普陀区中岚大楼('121.426689', '31.245055')"
216,"普陀区中山北路2626弄('121.421499', '31.242485')"
217,"普陀区绿地世纪城(二期)('121.422581', '31.230467')"
218,"普陀区绿地同创大厦('121.421698', '31.232132')"
219,"普陀区中环大厦('121.410947', '31.227016')"
220,"普陀区中山北路3904弄('121.411507', '31.226355')"
221,"普陀区新湖明珠城（一二期）('121.427424', '31.243045')"
222,"普陀区武宁一村('121.425511', '31.239516')"
223,"普陀区武宁路74弄('121.423495', '31.239119')"
224,"普陀区新湖明珠城（三期）('121.427424', '31.243045')"
225,"普陀区绿地世纪城(三期)('121.422581', '31.230467')"
226,"普陀区白玉苑('121.417214', '31.231937')"
227,"普陀区西谈家渡路109弄('121.423061', '31.235543')"
228,"普陀区武宁路200弄('121.422062', '31.240303')"
229,"普陀区大华清水湾('121.412321', '31.227339')"
230,"普陀区光复新苑('121.429101', '31.245283')"
231,"普陀区西谈家渡路17弄('121.421158', '31.235009')"
232,"普陀区绿地世纪城(一期)('121.422581', '31.230467')"
233,"普陀区水岸豪庭('121.421080', '31.228113')"
234,"普陀区绿地世纪城(一期)('121.422581', '31.230467')"
235,"普陀区曹杨三村(兰岭园)('121.400761', '31.243352')"
236,"普陀区曹杨五村(梅花园)('121.408698', '31.232558')"
237,"普陀区杏园('121.402094', '31.238455')"
238,"普陀区曹杨九村('121.405247', '31.232485')"
239,"普陀区曹杨五村(南杨园)('121.408698', '31.232558')"
240,"普陀区曹杨五村(梅花园)('121.408698', '31.232558')"
241,"普陀区曹杨四村(兰花园)('121.407230', '31.237530')"
242,"普陀区梅岭苑('121.404823', '31.243017')"
243,"普陀区曹杨二村('121.404924', '31.244651')"
244,"普陀区曹杨三村(兰岭园)('121.400761', '31.243352')"
245,"普陀区梅岭苑('121.404823', '31.243017')"
246,"普陀区黄陵小区('121.425928', '31.262733')"
247,"普陀区龚家宅('122.323867', '29.971760')"
248,"普陀区龚家宅('122.323867', '29.971760')"
249,"普陀区众源公寓('121.434252', '31.270225')"
250,"普陀区新村路285弄('122.395637', '29.905085')"
251,"普陀区宜川六村('121.437130', '31.258932')"
252,"普陀区新沪小区('121.437461', '31.268430')"
253,"普陀区宜川六村('121.437130', '31.258932')"
254,"普陀区宜川一村('121.440002', '31.261058')"
255,"普陀区西部名都花园('121.430003', '31.263407')"
256,"普陀区新宜小区('121.436660', '31.265599')"
257,"普陀区南泉苑('121.423634', '31.268989')"
258,"普陀区宜川三村('121.443961', '31.259873')"
259,"普陀区和丰苑('121.444044', '31.255911')"
260,"普陀区合阳小区('121.438966', '31.262866')"
261,"普陀区南泉苑('121.423634', '31.268989')"
262,"普陀区宜川一村('121.440002', '31.261058')"
263,"普陀区宜川一村('121.440002', '31.261058')"
264,"普陀区宜川一村('121.440002', '31.261058')"
265,"普陀区嘉华苑(普陀)('121.448506', '31.255281')"
266,"普陀区章家巷小区('121.433197', '31.261267')"
267,"普陀区甘泉二村('121.429950', '31.261380')"
268,"普陀区南泉苑('121.423634', '31.268989')"
269,"普陀区双山小区('121.424080', '31.260681')"
270,"普陀区甘泉三村('121.426632', '31.260647')"
271,"普陀区宜川三村('121.443961', '31.259873')"
272,"普陀区甘泉路5弄('121.435532', '31.263986')"
273,"普陀区子长小区('121.433565', '31.261874')"
274,"普陀区赵家花园('121.442256', '31.260428')"
275,"普陀区宜川三村('121.443961', '31.259873')"
276,"普陀区新长小区('121.434485', '31.265360')"
277,"普陀区宜川四村('121.415740', '31.235458')"
278,"普陀区嘉华苑(普陀)('121.448506', '31.255281')"
279,"普陀区宜川四村('121.415740', '31.235458')"
280,"普陀区海鑫公寓('121.409898', '31.223492')"
281,"普陀区长风二村长风馨苑('121.399990', '31.232789')"
282,"普陀区芝巷小区('121.393282', '31.237583')"
283,"普陀区长风瑞仕璟庭('121.384831', '31.230015')"
284,"普陀区华师大一村('121.408810', '31.225686')"
285,"普陀区桂巷新村('121.400124', '31.237287')"
286,"普陀区沁和园('121.383729', '31.226664')"
287,"普陀区芝巷小区('121.393282', '31.237583')"
288,"普陀区长风二村风荷园('121.399441', '31.233624')"
289,"普陀区光复西路2213弄('122.323867', '29.971760')"
290,"普陀区上钞桂花苑('121.388827', '31.238752')"
291,"普陀区锦绣里('121.447658', '31.242946')"
292,"普陀区圣天地服务式公寓('113.606457', '22.769178')"
293,"普陀区湖南大厦('112.997620', '28.189510')"
294,"普陀区水岸茗苑('121.426694', '31.231937')"
295,"普陀区乐活居('121.439464', '31.246222')"
296,"普陀区康怡苑('121.433622', '31.243543')"
297,"普陀区苏堤春晓名苑('121.429585', '31.236658')"
298,"普陀区上青佳园('121.437120', '31.241639')"
299,"普陀区沙田花园('121.433568', '31.235799')"
300,"普陀区大上海城市花园('121.430661', '31.243750')"
301,"普陀区绿洲城市花园('121.432507', '31.240521')"
302,"普陀区美豪怡致酒店('121.427842', '31.231652')"
303,"普陀区世纪之门('121.438994', '31.247371')"
304,"普陀区圣天地服务式公寓('113.606457', '22.769178')"
305,"普陀区梅山馨苑('121.435167', '31.235933')"
306,"普陀区阳光威尼斯(二期)('121.366622', '31.261266')"
307,"普陀区中远两湾城('121.442991', '31.252114')"
308,"普陀区万业新阶('121.441393', '31.255111')"
309,"普陀区万业新阶('121.441393', '31.255111')"
310,"普陀区中远两湾城('121.442991', '31.252114')"
311,"普陀区万业新阶('121.441393', '31.255111')"
312,"普陀区万业新阶('121.441393', '31.255111')"
313,"普陀区中远两湾城('121.442991', '31.252114')"
314,"普陀区中远两湾城('121.442991', '31.252114')"
315,"普陀区中远两湾城('121.442991', '31.252114')"
316,"普陀区中远两湾城('121.442991', '31.252114')"
317,"普陀区中远两湾城('121.442991', '31.252114')"
318,"普陀区中远两湾城('121.442991', '31.252114')"
319,"普陀区万业新阶('121.441393', '31.255111')"
320,"普陀区中远两湾城('121.442991', '31.252114')"
321,"普陀区中远两湾城('121.442991', '31.252114')"
322,"普陀区中远两湾城('121.442991', '31.252114')"
323,"普陀区万业新阶('121.441393', '31.255111')"
324,"普陀区万业新阶('121.441393', '31.255111')"
325,"普陀区万业新阶('121.441393', '31.255111')"
326,"普陀区万业新阶('121.441393', '31.255111')"
327,"普陀区中远两湾城('121.442991', '31.252114')"
328,"普陀区万业新阶('121.441393', '31.255111')"
329,"普陀区中远两湾城('121.442991', '31.252114')"
330,"普陀区万业新阶('121.441393', '31.255111')"
331,"普陀区中远两湾城('121.442991', '31.252114')"
332,"普陀区中远两湾城('121.442991', '31.252114')"
333,"普陀区中远两湾城('121.442991', '31.252114')"
334,"普陀区万业新阶('121.441393', '31.255111')"
335,"普陀区中远两湾城('121.442991', '31.252114')"
336,"普陀区苏堤春晓名苑('121.429585', '31.236658')"
337,"普陀区新会苑('121.437808', '31.237578')"
338,"普陀区大上海城市花园('121.430661', '31.243750')"
339,"普陀区美豪怡致酒店('121.427842', '31.231652')"
340,"普陀区澳门小区('121.436543', '31.246159')"
341,"普陀区沙田花园('121.433568', '31.235799')"
342,"普陀区澳门小区('121.436543', '31.246159')"
343,"普陀区水岸茗苑('121.426694', '31.231937')"
344,"普陀区澳门小区('121.436543', '31.246159')"
345,"普陀区河滨围城('121.442920', '31.248322')"
346,"普陀区汇丽花园('121.429065', '31.235265')"
347,"普陀区圣天地服务式公寓('113.606457', '22.769178')"
348,"普陀区苏堤春晓名苑('121.429585', '31.236658')"
349,"普陀区汇丽花园('121.429065', '31.235265')"
350,"普陀区银座花苑('121.434104', '31.242064')"
351,"普陀区乐活居('121.439464', '31.246222')"
352,"普陀区世纪之门('121.438994', '31.247371')"
353,"普陀区玉佛城('121.445475', '31.242855')"
354,"普陀区光明城市('121.438458', '31.244162')"
355,"普陀区陕西北路1283弄('121.442594', '31.241392')"
356,"普陀区绿洲城市花园('121.432507', '31.240521')"
357,"普陀区苏堤春晓名苑('121.429585', '31.236658')"
358,"普陀区圣天地服务式公寓('113.606457', '22.769178')"
359,"普陀区桃浦五村迎春苑('121.348140', '31.284745')"
360,"普陀区桃浦一村海棠苑('121.362119', '31.237583')"
361,"普陀区中环名品公馆('121.395949', '31.283776')"
362,"普陀区桃浦新家园('121.347761', '31.288315')"
363,"普陀区桃浦七村雪松苑('121.353256', '31.286722')"
364,"普陀区华和民祥园（北园）('122.323867', '29.971760')"
365,"普陀区荣和怡景园('121.389431', '31.275626')"
366,"普陀区中环名品公馆('121.395949', '31.283776')"
367,"普陀区安居锦竹苑('121.347818', '31.290091')"
368,"普陀区桃浦五村迎春苑('121.348140', '31.284745')"
369,"普陀区同进理想城('121.333375', '31.292141')"
370,"普陀区真南路822弄521支弄('121.384905', '31.279232')"
371,"普陀区真建一小区('121.380947', '31.261127')"
372,"普陀区恒盛鼎城华公馆('121.388951', '31.278345')"
373,"普陀区安居金祁新城('121.386513', '31.293182')"
374,"普陀区春光家园('121.391191', '31.258372')"
375,"普陀区恒盛鼎城圣都汇('121.387502', '31.278357')"
376,"普陀区怡佳公寓('121.388395', '31.290189')"
377,"普陀区安居金祁新城('121.386513', '31.293182')"
378,"普陀区祥和星宇花园(一期)('121.396355', '31.280658')"
379,"普陀区怡佳公寓('121.388395', '31.290189')"
380,"普陀区华和民祥园（东园）('122.323867', '29.971760')"
381,"普陀区恒盛鼎城华公馆('121.388951', '31.278345')"
382,"普陀区恒盛鼎城华公馆('121.388951', '31.278345')"
383,"普陀区恒盛鼎城华公馆('121.388951', '31.278345')"
384,"普陀区荣和怡景园('121.389431', '31.275626')"
385,"普陀区桃浦一村瑞香苑('121.352090', '31.281401')"
386,"普陀区桃浦一村海棠苑('121.362119', '31.237583')"
387,"普陀区恒盛鼎城华公馆('121.388951', '31.278345')"
388,"普陀区同进理想城('121.333375', '31.292141')"
389,"普陀区桃浦七村雪松苑('121.353256', '31.286722')"
390,"普陀区桃浦五村杜鹃苑('121.351733', '31.286030')"
391,"普陀区安居金祁新城('121.386513', '31.293182')"
392,"普陀区中鹰黑森林('121.408772', '31.271203')"
393,"普陀区杨家桥小区(普陀)('121.441620', '31.265957')"
394,"普陀区中环锦园('121.412147', '31.269200')"
395,"普陀区万里一期('121.403456', '31.266183')"
396,"普陀区光新苑('121.431786', '31.252974')"
397,"普陀区曹杨四村(兰花大楼)('121.407230', '31.237530')"
398,"普陀区香溢花城(住宅)('121.434246', '31.256320')"
399,"普陀区信仪新村('121.423567', '31.248609')"
400,"普陀区曹家巷小区('121.410824', '31.228745')"
401,"普陀区曹杨二村('121.404924', '31.244651')"
402,"普陀区中远两湾城('121.442991', '31.252114')"
403,"普陀区武宁路200弄('121.422062', '31.240303')"
404,"普陀区品尊国际('121.420606', '31.255455')"
405,"普陀区绿地世纪城(二期)('121.422581', '31.230467')"
406,"普陀区大华清水湾('121.412321', '31.227339')"
407,"普陀区曹杨五村(芙蓉园)('121.408698', '31.232558')"
408,"普陀区新湖明珠城（一二期）('121.427424', '31.243045')"
409,"普陀区桂巷新村('121.400124', '31.237287')"
410,"普陀区上钞桂花苑('121.388827', '31.238752')"
411,"普陀区桂巷新村('121.400124', '31.237287')"
412,"普陀区新村路350弄('121.432388', '31.265412')"
413,"普陀区西部名都花园('121.430003', '31.263407')"
414,"普陀区宜川一村('121.440002', '31.261058')"
415,"普陀区樱花苑('121.354156', '31.283868')"
416,"普陀区梅川四街坊('121.389442', '31.245189')"
417,"普陀区梅川馨苑('121.397595', '31.239900')"
418,"普陀区圣天地服务式公寓('113.606457', '22.769178')"
419,"普陀区世纪之门('121.438994', '31.247371')"
420,"普陀区大上海城市花园('121.430661', '31.243750')"
421,"普陀区中环名品公馆('121.395949', '31.283776')"
422,"普陀区达安春之声('122.323867', '29.971760')"
423,"普陀区荣和怡景园('121.389431', '31.275626')"
424,"普陀区香泉小区('121.411738', '31.263778')"
425,"普陀区曹杨三村(兰岭园)('121.400761', '31.243352')"
426,"普陀区星河世纪城('121.393998', '31.260497')"
427,"普陀区高尚领域('121.408711', '31.252804')"
428,"普陀区品尊国际('121.420606', '31.255455')"
429,"普陀区桃浦二村永汇新苑('121.352029', '31.277919')"
430,"普陀区怡佳公寓('121.388395', '31.290189')"
431,"普陀区桃浦九村('121.346761', '31.289217')"
432,"普陀区桃浦十村（紫藤苑小区银杏路120弄）('121.346149', '31.286912')"
433,"普陀区祥和星宇花园(二期)('121.396355', '31.280658')"
434,"普陀区恒盛鼎城圣都汇('121.387502', '31.278357')"
435,"普陀区华和民祥园（北园）('122.323867', '29.971760')"
436,"普陀区桃浦二村永汇新苑('121.352029', '31.277919')"
437,"普陀区莲花公寓(普陀)('122.313425', '29.957514')"
438,"普陀区莲花公寓(普陀)('122.313425', '29.957514')"
439,"普陀区桃浦七村雪松苑('121.353256', '31.286722')"
440,"普陀区桃浦十村（紫藤苑小区银杏路120弄）('121.346149', '31.286912')"
441,"普陀区祥和星宇花园(一期)('121.396355', '31.280658')"
442,"普陀区华和民祥园（南园）('122.323867', '29.971760')"
443,"普陀区莲花公寓(普陀)('122.313425', '29.957514')"
444,"普陀区恒盛鼎城华公馆('121.388951', '31.278345')"
445,"普陀区华和民祥园（北园）('122.323867', '29.971760')"
446,"普陀区中环名品公馆('121.395949', '31.283776')"
447,"普陀区桃浦六村樱花苑('121.354156', '31.283868')"
448,"普陀区莲花公寓(普陀)('122.313425', '29.957514')"
449,"普陀区真南路822弄521支弄('121.384905', '31.279232')"
450,"普陀区恒盛鼎城圣都汇('121.387502', '31.278357')"
451,"普陀区华和民祥园（北园）('122.323867', '29.971760')"
452,"普陀区恒盛鼎城圣都汇('121.387502', '31.278357')"
453,"普陀区荣和怡景园('121.389431', '31.275626')"
454,"普陀区恒盛鼎城圣都汇('121.387502', '31.278357')"
455,"普陀区桃浦七村雪松苑('121.353256', '31.286722')"
456,"普陀区上钞桂花苑('121.388827', '31.238752')"
457,"普陀区锦绣里('121.447658', '31.242946')"
458,"普陀区圣天地服务式公寓('113.606457', '22.769178')"
459,"普陀区湖南大厦('112.997620', '28.189510')"
460,"普陀区水岸茗苑('121.426694', '31.231937')"
461,"普陀区乐活居('121.439464', '31.246222')"
462,"普陀区康怡苑('121.433622', '31.243543')"
463,"普陀区苏堤春晓名苑('121.429585', '31.236658')"
464,"普陀区上青佳园('121.437120', '31.241639')"
465,"普陀区沙田花园('121.433568', '31.235799')"
466,"普陀区大上海城市花园('121.430661', '31.243750')"
467,"普陀区绿洲城市花园('121.432507', '31.240521')"
468,"普陀区美豪怡致酒店('121.427842', '31.231652')"
469,"普陀区世纪之门('121.438994', '31.247371')"
470,"普陀区圣天地服务式公寓('113.606457', '22.769178')"
471,"普陀区梅山馨苑('121.435167', '31.235933')"
472,"普陀区世纪之门('121.438994', '31.247371')"
473,"普陀区圣天地服务式公寓('113.606457', '22.769178')"
474,"普陀区上青佳园('121.437120', '31.241639')"
475,"普陀区大众河滨酒店式公寓('118.534407', '27.914007')"
476,"普陀区圣天地服务式公寓('113.606457', '22.769178')"
477,"普陀区圣天地商务楼('121.443491', '31.243561')"
478,"普陀区世纪之门('121.438994', '31.247371')"
479,"普陀区乐活居('121.439464', '31.246222')"
480,"普陀区美豪怡致酒店('121.427842', '31.231652')"
481,"普陀区泰极大厦('121.438339', '31.242176')"
482,"普陀区乐活居('121.439464', '31.246222')"
483,"普陀区圣天地服务式公寓('113.606457', '22.769178')"
484,"普陀区新天大厦('121.447385', '31.242358')"
485,"普陀区华生大厦('121.439876', '31.245006')"
486,"普陀区圣天地服务式公寓('113.606457', '22.769178')"
487,"普陀区圣天地服务式公寓('113.606457', '22.769178')"
488,"普陀区新会苑('121.437808', '31.237578')"
489,"普陀区大上海城市花园('121.430661', '31.243750')"
490,"普陀区圣天地服务式公寓('113.606457', '22.769178')"
491,"普陀区锦绣里('121.447658', '31.242946')"
492,"普陀区九茂小区('121.443202', '31.240440')"
493,"普陀区玉佛城('121.445475', '31.242855')"
494,"普陀区上海知音苑('121.427323', '31.233833')"
495,"普陀区上青佳园('121.437120', '31.241639')"
496,"普陀区上青佳园('121.437120', '31.241639')"
497,"普陀区圣天地服务式公寓('113.606457', '22.769178')"
498,"普陀区大上海城市花园('121.430661', '31.243750')"
499,"普陀区半岛花园('121.435026', '31.247178')"
500,"普陀区澳门小区('121.436543', '31.246159')"
501,"普陀区世纪之门('121.438994', '31.247371')"
502,"普陀区上青佳园('121.437120', '31.241639')"
503,"普陀区圣天地服务式公寓('113.606457', '22.769178')"
504,"普陀区河滨围城('121.442920', '31.248322')"
505,"普陀区上海知音苑('121.427323', '31.233833')"
506,"普陀区汇丽花园('121.429065', '31.235265')"
507,"普陀区大众河滨酒店式公寓('118.534407', '27.914007')"
508,"普陀区常德大厦('121.436635', '31.240358')"
509,"普陀区河滨围城('121.442920', '31.248322')"
510,"普陀区华生大厦('121.439876', '31.245006')"
511,"普陀区圣天地服务式公寓('113.606457', '22.769178')"
512,"普陀区苏堤春晓名苑('121.429585', '31.236658')"
513,"普陀区汇丽花园('121.429065', '31.235265')"
514,"普陀区光明城市('121.438458', '31.244162')"
515,"普陀区乐活居('121.439464', '31.246222')"
516,"普陀区上青佳园('121.437120', '31.241639')"
517,"普陀区上海知音苑('121.427323', '31.233833')"
518,"普陀区世纪之门('121.438994', '31.247371')"
519,"普陀区苏堤春晓名苑('121.429585', '31.236658')"
520,"普陀区圣天地服务式公寓('113.606457', '22.769178')"
521,"普陀区半岛花园('121.435026', '31.247178')"
522,"普陀区西部俊园('121.432349', '31.235768')"
523,"普陀区上河湾('121.368714', '31.227726')"
524,"普陀区大上海城市花园('121.430661', '31.243750')"
525,"普陀区梅川四街坊('121.389442', '31.245189')"
526,"普陀区梅川馨苑('121.397595', '31.239900')"
527,"普陀区清涧八街坊('122.323867', '29.971760')"
528,"普陀区泰宸苑('121.364710', '31.240710')"
529,"普陀区安居锦竹苑('121.347818', '31.290091')"
530,"普陀区桃浦六村樱花苑('121.354156', '31.283868')"
531,"普陀区金沙雅苑(三期)('121.368957', '31.237125')"
532,"普陀区金沙雅苑(二期)('121.368957', '31.237125')"
533,"普陀区曹杨四村(兰花大楼)('121.407230', '31.237530')"
534,"普陀区宁泉新苑('121.422298', '31.248922')"
535,"普陀区中远两湾城('121.442991', '31.252114')"
536,"普陀区光新苑('121.431786', '31.252974')"
537,"普陀区曹杨四村(兰花大楼)('121.407230', '31.237530')"
538,"普陀区达安春之声('122.323867', '29.971760')"
539,"普陀区荣和怡景园('121.389431', '31.275626')"
540,"普陀区香溢花城(住宅)('121.434246', '31.256320')"
541,"普陀区信仪新村('121.423567', '31.248609')"
542,"普陀区曹家巷小区('121.410824', '31.228745')"
543,"普陀区曹杨二村('121.404924', '31.244651')"
544,"普陀区中远两湾城('121.442991', '31.252114')"
545,"普陀区武宁路200弄('121.422062', '31.240303')"
546,"普陀区樱花苑('121.354156', '31.283868')"
547,"普陀区梅川四街坊('121.389442', '31.245189')"
548,"普陀区梅川馨苑('121.397595', '31.239900')"
549,"普陀区品尊国际('121.420606', '31.255455')"
550,"普陀区绿地世纪城(二期)('121.422581', '31.230467')"
551,"普陀区大华清水湾('121.412321', '31.227339')"
552,"普陀区曹杨五村(芙蓉园)('121.408698', '31.232558')"
553,"普陀区新湖明珠城（一二期）('121.427424', '31.243045')"
554,"普陀区桂巷新村('121.400124', '31.237287')"
555,"普陀区上钞桂花苑('121.388827', '31.238752')"
556,"普陀区西部俊园('121.432349', '31.235768')"
557,"普陀区曹杨六村(沙溪园)('121.414105', '31.238703')"
558,"普陀区管弄四街坊('121.422960', '31.256664')"
559,"普陀区樱花苑('121.354156', '31.283868')"
560,"普陀区万里晶品苑('121.397022', '31.268527')"
561,"普陀区长寿新村(普陀)('121.435247', '31.242167')"
562,"普陀区白玉新村('121.414401', '31.232786')"
563,"普陀区万业新阶('121.441393', '31.255111')"
564,"普陀区祥和星宇花园(二期)('121.396355', '31.280658')"
565,"普陀区真光新村第五小区('121.380883', '31.252803')"
566,"普陀区金沙雅苑(四期)('121.368957', '31.237125')"
567,"普陀区甘泉一村('121.431977', '31.264356')"
568,"普陀区大华颐和华城(公寓)('121.401148', '31.274726')"
569,"普陀区达安春之声('122.323867', '29.971760')"
570,"普陀区管弄四街坊('121.422960', '31.256664')"
571,"普陀区新体育广场('122.323867', '29.971760')"
572,"普陀区阳光威尼斯(三期)('121.366622', '31.261266')"
573,"普陀区金玉苑（一期）('121.392986', '31.239803')"
574,"普陀区中海臻如府('121.412604', '31.250265')"
575,"普陀区北石路440弄('121.394270', '31.248457')"
576,"普陀区日月星辰('122.323867', '29.971760')"
577,"普陀区车站新村(普陀)('121.402226', '31.260788')"
578,"普陀区新湖明珠城（一二期）('121.427424', '31.243045')"
579,"普陀区长寿大厦('121.433465', '31.237052')"
580,"普陀区石岚三村('121.423488', '31.251233')"
581,"普陀区一品国际('121.433922', '31.252080')"
582,"普陀区桃浦一村瑞香苑('121.352090', '31.281401')"
583,"普陀区石泉一村('121.440002', '31.261058')"
584,"普陀区兰溪路200弄('122.323867', '29.971760')"
585,"普陀区桃浦五村山茶苑('121.384804', '31.274737')"
586,"普陀区新体育广场('122.323867', '29.971760')"
587,"普陀区祥和星宇花园(二期)('121.396355', '31.280658')"
588,"普陀区高尚领域('121.408711', '31.252804')"
589,"普陀区浅水湾恺悦名城('121.441318', '31.248462')"
590,"普陀区上青佳园('121.437120', '31.241639')"
591,"普陀区西部大楼('121.430201', '31.260435')"
592,"普陀区长风二村长风馨苑('121.399990', '31.232789')"
593,"普陀区恒力锦沧花园('121.406583', '31.259938')"
594,"普陀区祥和星宇花园(二期)('121.396355', '31.280658')"
595,"普陀区万里晶品苑('121.397022', '31.268527')"
596,"普陀区樱花苑('121.354156', '31.283868')"
597,"普陀区真光九街坊('122.323867', '29.971760')"
598,"普陀区绿叶小区(普陀)('121.418791', '31.242976')"
599,"普陀区宜川三村('121.443961', '31.259873')"
600,"普陀区管弄五六街坊('121.424390', '31.258001')"
601,"普陀区阳光威尼斯(三期)('121.366622', '31.261266')"
602,"普陀区达安春之声('122.323867', '29.971760')"
603,"普陀区真光新村第五小区('121.380883', '31.252803')"
604,"普陀区金沙雅苑(四期)('121.368957', '31.237125')"
605,"普陀区白玉新村('121.414401', '31.232786')"
606,"普陀区江南名庐('121.416484', '31.236297')"
607,"普陀区新湖明珠城（三期）('121.427424', '31.243045')"
608,"普陀区长风四村('121.397494', '31.231350')"
609,"普陀区中星宜川花苑('121.443961', '31.259873')"
610,"普陀区曹杨二村('121.404924', '31.244651')"
611,"普陀区圣骊澳门苑('121.447677', '31.245911')"
612,"普陀区真光新村第二小区('121.386555', '31.254419')"
613,"普陀区达安春之声('122.323867', '29.971760')"
614,"普陀区申汉小区('121.391404', '31.232118')"
615,"普陀区车站新村(普陀)('121.402226', '31.260788')"
616,"普陀区真光九街坊('122.323867', '29.971760')"
617,"普陀区新体育广场('122.323867', '29.971760')"
618,"普陀区真光新村第五小区('121.380883', '31.252803')"
619,"普陀区上河湾('121.368714', '31.227726')"
620,"普陀区桂巷新村('121.400124', '31.237287')"
621,"普陀区合阳小区('121.438966', '31.262866')"
622,"普陀区桂巷新村('121.400124', '31.237287')"
623,"普陀区中远两湾城('121.442991', '31.252114')"
624,"普陀区金沙雅苑(四期)('121.368957', '31.237125')"
625,"普陀区芝巷小区('121.393282', '31.237583')"
626,"普陀区梅川馨苑('121.397595', '31.239900')"
627,"普陀区白玉新村('121.414401', '31.232786')"
628,"普陀区水塘小区('121.399809', '31.250578')"
629,"普陀区金沙雅苑(四期)('121.368957', '31.237125')"
630,"普陀区曹杨八村('121.406778', '31.246478')"
631,"普陀区逸流公寓('121.421835', '31.237232')"
632,"普陀区安居金祁新城('121.386513', '31.293182')"
633,"普陀区真如西村('121.399449', '31.246598')"
634,"普陀区苏堤春晓名苑('121.429585', '31.236658')"
635,"普陀区澳门公寓('121.435732', '31.242611')"
636,"普陀区世纪之门('121.438994', '31.247371')"
637,"普陀区曹杨四村(桐柏园)('121.407230', '31.237530')"
638,"普陀区阳光威尼斯C区('121.367231', '31.262619')"
639,"普陀区阳光威尼斯(四期)(公寓)('121.366622', '31.261266')"
640,"普陀区合阳小区('121.438966', '31.262866')"
641,"普陀区水塘小区('121.399809', '31.250578')"
642,"普陀区安居金祁新城('121.386513', '31.293182')"
643,"普陀区万都花园(普陀)('121.404324', '31.234324')"
644,"普陀区香泉小区('121.411738', '31.263778')"
645,"普陀区阳光威尼斯AB区('121.368138', '31.259064')"
646,"普陀区大华清水湾('121.412321', '31.227339')"
647,"普陀区阳光威尼斯AB区('121.368138', '31.259064')"
648,"普陀区金沙雅苑(四期)('121.368957', '31.237125')"
649,"普陀区长新小区(普陀)('121.434238', '31.266964')"
650,"普陀区曹杨八村('121.406778', '31.246478')"
651,"普陀区芝巷小区('121.393282', '31.237583')"
652,"普陀区新湖明珠城（三期）('121.427424', '31.243045')"
653,"普陀区金沙雅苑(四期)('121.368957', '31.237125')"
654,"普陀区上河湾('121.368714', '31.227726')"
655,"普陀区华府樟园('121.414557', '31.224710')"
656,"普陀区梅川馨苑('121.397595', '31.239900')"
657,"普陀区白玉新村('121.414401', '31.232786')"
658,"普陀区水塘小区('121.399809', '31.250578')"
659,"普陀区逸流公寓('121.421835', '31.237232')"
660,"普陀区北石路440弄('121.394270', '31.248457')"
661,"普陀区昆仑花苑('121.379982', '31.259964')"
662,"普陀区曹杨三村(兰岭园)('121.400761', '31.243352')"
663,"普陀区中远两湾城('121.442991', '31.252114')"
664,"普陀区中远两湾城('121.442991', '31.252114')"
665,"普陀区真北一街坊('121.398191', '31.258197')"
666,"普陀区曹杨汽车公寓('121.417401', '31.237260')"
667,"普陀区甘泉一村('121.431977', '31.264356')"
668,"普陀区甘泉公寓('121.423601', '31.262564')"
669,"普陀区曹杨六村(沙溪园)('121.414105', '31.238703')"
670,"普陀区宜川三村('121.443961', '31.259873')"
671,"普陀区绿叶小区(普陀)('121.418791', '31.242976')"
672,"普陀区中远两湾城('121.442991', '31.252114')"
673,"普陀区府村苑('121.417452', '31.255153')"
674,"普陀区曹杨二村('121.404924', '31.244651')"
675,"普陀区管弄四街坊('121.422960', '31.256664')"
676,"普陀区白玉新村('121.414401', '31.232786')"
677,"普陀区清涧七街坊('81.126896', '43.154959')"
678,"普陀区中海臻如府('121.412604', '31.250265')"
679,"普陀区铁路新村(华池路)('121.425850', '31.253814')"
680,"普陀区真光七街坊('121.386412', '31.251790')"
681,"普陀区长风二村风荷园('121.399441', '31.233624')"
682,"普陀区金玉苑（一期）('121.392986', '31.239803')"
683,"普陀区中海臻如府('121.412604', '31.250265')"
684,"普陀区北石路440弄('121.394270', '31.248457')"
685,"普陀区曹杨四村(桐柏园)('121.407230', '31.237530')"
686,"普陀区石光小区('121.430348', '31.252672')"
687,"普陀区真北一街坊('121.398191', '31.258197')"
688,"普陀区莲花公寓(普陀)('122.313425', '29.957514')"
689,"普陀区华和民祥园（北园）('122.323867', '29.971760')"
690,"普陀区阳光威尼斯(二期)('121.366622', '31.261266')"
691,"普陀区中海臻如府('121.412604', '31.250265')"
692,"普陀区岚皋馨苑('121.415796', '31.254179')"
693,"普陀区上海知音苑('121.427323', '31.233833')"
694,"普陀区运旺新村阳光世家('121.374004', '31.242058')"
695,"普陀区桃浦一村海棠苑('121.362119', '31.237583')"
696,"普陀区新湖明珠城（三期）('121.427424', '31.243045')"
697,"普陀区江南名庐('121.416484', '31.236297')"
698,"普陀区常澳馨苑('121.434669', '31.240765')"
699,"普陀区绿叶小区(普陀)('121.418791', '31.242976')"
700,"普陀区金玉苑（一期）('121.392986', '31.239803')"
701,"普陀区长风二村风荷园('121.399441', '31.233624')"
702,"普陀区中海臻如府('121.412604', '31.250265')"
703,"普陀区铁路新村(华池路)('121.425850', '31.253814')"
704,"普陀区圣骊澳门苑('121.447677', '31.245911')"
705,"普陀区真光新村第二小区('121.386555', '31.254419')"
706,"普陀区甘泉一村('121.431977', '31.264356')"
707,"普陀区曹杨六村(沙溪园)('121.414105', '31.238703')"
708,"普陀区管弄四街坊('121.422960', '31.256664')"
709,"普陀区万业新阶('121.441393', '31.255111')"
710,"普陀区长风四村('121.397494', '31.231350')"
711,"普陀区中星宜川花苑('121.443961', '31.259873')"
712,"普陀区中浩云花园('121.416306', '31.262481')"
713,"普陀区曹杨汽车公寓('121.417401', '31.237260')"
714,"普陀区大华颐和华城(公寓)('121.401148', '31.274726')"
715,"普陀区真光七街坊('121.386412', '31.251790')"
716,"普陀区宜川三村('121.443961', '31.259873')"
717,"普陀区中远两湾城('121.442991', '31.252114')"
718,"普陀区世纪之门('121.438994', '31.247371')"
719,"普陀区高尚领域('121.408711', '31.252804')"
720,"普陀区中远两湾城('121.442991', '31.252114')"
721,"普陀区苏堤春晓名苑('121.429585', '31.236658')"
722,"普陀区澳门公寓('121.435732', '31.242611')"
723,"普陀区阳光威尼斯AB区('121.368138', '31.259064')"
724,"普陀区真北一街坊('121.398191', '31.258197')"
725,"普陀区阳光威尼斯(二期)('121.366622', '31.261266')"
726,"普陀区海普苑('121.384060', '31.251921')"
727,"普陀区浅水湾恺悦名城('121.441318', '31.248462')"
728,"普陀区上青佳园('121.437120', '31.241639')"
729,"普陀区西部大楼('121.430201', '31.260435')"
730,"普陀区德怡苑('121.432282', '31.243138')"
731,"普陀区一品国际('121.433922', '31.252080')"
732,"普陀区桃浦一村瑞香苑('121.352090', '31.281401')"
733,"普陀区石泉一村('121.440002', '31.261058')"
734,"普陀区长寿新村(普陀)('121.435247', '31.242167')"
735,"普陀区云都苑('121.437183', '31.242950')"
736,"普陀区桃浦五村山茶苑('121.384804', '31.274737')"
737,"普陀区新体育广场('122.323867', '29.971760')"
738,"普陀区日高公寓('121.433959', '31.235923')"
739,"普陀区金江家园('121.364414', '31.233245')"
740,"普陀区真如西村('121.399449', '31.246598')"
741,"普陀区兰溪路200弄('122.323867', '29.971760')"
742,"普陀区长风二村长风馨苑('121.399990', '31.232789')"
743,"普陀区祥和星宇花园(二期)('121.396355', '31.280658')"
744,"普陀区曹杨三村(兰岭园)('121.400761', '31.243352')"
745,"普陀区绿地世纪城(二期)('121.422581', '31.230467')"
746,"普陀区泾阳路129弄('121.364142', '31.238528')"
747,"普陀区泰宸苑('121.364710', '31.240710')"
748,"普陀区真建一小区('121.380947', '31.261127')"
749,"普陀区管弄三街坊('121.422897', '31.254363')"
750,"普陀区宗鑫公寓('121.449016', '31.243120')"
751,"普陀区长寿大厦('121.433465', '31.237052')"
752,"普陀区太浜巷小区('121.426933', '31.249042')"
753,"普陀区锦绣里('121.447658', '31.242946')"
754,"普陀区延长小区(普陀)('121.441620', '31.265957')"
755,"普陀区宜川一村('121.440002', '31.261058')"
756,"普陀区真光第四小区('121.381542', '31.255102')"
757,"普陀区延长西路780弄('121.426150', '31.259965')"
758,"普陀区金沙雅苑(三期)('121.368957', '31.237125')"
759,"普陀区东新苑('121.425637', '31.243123')"
760,"普陀区长征家苑('121.389406', '31.250495')"
761,"普陀区佳祥公寓('121.390096', '31.251033')"
762,"普陀区长风四村('121.397494', '31.231350')"
763,"普陀区宜川二村('122.323867', '29.971760')"
764,"普陀区长征家苑('121.389406', '31.250495')"
765,"普陀区象源丽都('121.377735', '31.235878')"
766,"普陀区怡佳公寓('121.388395', '31.290189')"
767,"普陀区玉佛城('121.445475', '31.242855')"
768,"普陀区东泉苑小区('121.431405', '31.270671')"
769,"普陀区宜川五村('121.444076', '31.261262')"
770,"普陀区大华颐和华城(公寓)('121.401148', '31.274726')"
771,"普陀区曹杨五村(南岭园)('121.408698', '31.232558')"
772,"普陀区金光花苑('121.389137', '31.281375')"
773,"普陀区普陀二村('121.418159', '31.235553')"
774,"普陀区桃浦六村绿春苑('121.355723', '31.287312')"
775,"普陀区金沙雅苑(四期)('121.368957', '31.237125')"
776,"普陀区石泉一村('121.440002', '31.261058')"
777,"普陀区云都苑('121.437183', '31.242950')"
778,"普陀区桃浦五村山茶苑('121.384804', '31.274737')"
779,"普陀区日高公寓('121.433959', '31.235923')"
780,"普陀区金江家园('121.364414', '31.233245')"
781,"普陀区曹杨三村(兰岭园)('121.400761', '31.243352')"
782,"普陀区长寿大厦('121.433465', '31.237052')"
783,"普陀区海普苑('121.384060', '31.251921')"
784,"普陀区浅水湾恺悦名城('121.441318', '31.248462')"
785,"普陀区西部大楼('121.430201', '31.260435')"
786,"普陀区中环名品公馆('121.395949', '31.283776')"
787,"普陀区真源小区('121.380851', '31.239953')"
788,"普陀区新湖明珠城（一二期）('121.427424', '31.243045')"
789,"普陀区梅川一街坊('121.395149', '31.240592')"
790,"普陀区长风瑞仕璟庭('121.384831', '31.230015')"
791,"普陀区金沙雅苑(四期)('121.368957', '31.237125')"
792,"普陀区石泉一村('121.440002', '31.261058')"
793,"普陀区长风二村风荷园('121.399441', '31.233624')"
794,"普陀区新长征花苑('121.375638', '31.238423')"
795,"普陀区长风四村('121.397494', '31.231350')"
796,"普陀区北枫桥园('121.409754', '31.241353')"
797,"普陀区万里一期('121.403456', '31.266183')"
798,"普陀区长风二村风荷园('121.399441', '31.233624')"
799,"普陀区真光新村第五小区('121.380883', '31.252803')"
800,"普陀区黄陵小区('121.425928', '31.262733')"
801,"普陀区恒盛鼎城华公馆('121.388951', '31.278345')"
802,"普陀区大华颐和华城(公寓)('121.401148', '31.274726')"
803,"普陀区真情公寓('121.384472', '31.254896')"
804,"普陀区祥和家园('121.379581', '31.247098')"
805,"普陀区泰欣嘉园('121.432669', '31.247223')"
806,"普陀区普雄馨苑('121.424192', '31.236978')"
807,"普陀区阳光威尼斯(三期)('121.366622', '31.261266')"
808,"普陀区中远两湾城('121.442991', '31.252114')"
809,"普陀区圣天地服务式公寓('113.606457', '22.769178')"
810,"普陀区双山小区('121.424080', '31.260681')"
811,"普陀区大华颐和华城(公寓)('121.401148', '31.274726')"
812,"普陀区长风三村('121.399556', '31.231257')"
813,"普陀区市政馨苑('121.413533', '31.254104')"
814,"普陀区和平新村('122.323867', '29.971760')"
815,"普陀区万业新阶('121.441393', '31.255111')"
816,"普陀区安居古浪新苑('121.382691', '31.283788')"
817,"普陀区香樟苑(普陀)('122.257837', '29.975413')"
818,"普陀区长征家苑('121.389406', '31.250495')"
819,"普陀区宜川二村('122.323867', '29.971760')"
820,"普陀区华师大三村('122.323867', '29.971760')"
821,"普陀区朗诗藏峰('122.323867', '29.971760')"
822,"普陀区北枫桥园('121.409754', '31.241353')"
823,"普陀区甘泉一村('121.431977', '31.264356')"
824,"普陀区延长小区(普陀)('121.441620', '31.265957')"
825,"普陀区桃浦一村瑞香苑('121.352090', '31.281401')"
826,"普陀区新天大厦('121.447385', '31.242358')"
827,"普陀区嘉安大厦('121.399840', '31.244231')"
828,"普陀区荣和怡景园('121.389431', '31.275626')"
829,"普陀区真北二街坊('121.396006', '31.258550')"
830,"普陀区长风二村风荷园('121.399441', '31.233624')"
831,"普陀区赵家花园('121.442256', '31.260428')"
832,"普陀区愉景华庭('122.323867', '29.971760')"
833,"普陀区恒盛鼎城华公馆('121.388951', '31.278345')"
834,"普陀区大华颐和华城(公寓)('121.401148', '31.274726')"
835,"普陀区真情公寓('121.384472', '31.254896')"
836,"普陀区泰欣嘉园('121.432669', '31.247223')"
837,"普陀区大华颐和华城(公寓)('121.401148', '31.274726')"
838,"普陀区长风三村('121.399556', '31.231257')"
839,"普陀区双山小区('121.424080', '31.260681')"
840,"普陀区市政馨苑('121.413533', '31.254104')"
841,"普陀区桃浦六村绿春苑('121.355723', '31.287312')"
842,"普陀区绿地世纪城(二期)('121.422581', '31.230467')"
843,"普陀区中山北路2185弄('121.428196', '31.247037')"
844,"普陀区桃浦十村（紫藤苑小区白丽路701弄）('121.346149', '31.286912')"
845,"普陀区桃浦五村杜鹃苑('121.351733', '31.286030')"
846,"普陀区普雄馨苑('121.424192', '31.236978')"
847,"普陀区双山小区('121.424080', '31.260681')"
848,"普陀区大华颐和华城(公寓)('121.401148', '31.274726')"
849,"普陀区长风三村('121.399556', '31.231257')"
850,"普陀区市政馨苑('121.413533', '31.254104')"
851,"普陀区尚诚国际苑('121.418741', '31.236007')"
852,"普陀区桃浦十村（紫藤苑小区白丽路701弄）('121.346149', '31.286912')"
853,"普陀区甘泉一村('121.431977', '31.264356')"
854,"普陀区真光十小区('121.388619', '31.251013')"
855,"普陀区金玉苑（二期）('121.392986', '31.239803')"
856,"普陀区高尚领域('121.408711', '31.252804')"
857,"普陀区桃浦七村雪松苑('121.353256', '31.286722')"
858,"普陀区中山润园('121.411932', '31.224207')"
859,"普陀区桃浦七村雪松苑('121.353256', '31.286722')"
860,"普陀区桃浦七村雪松苑('121.353256', '31.286722')"
861,"普陀区世纪之门('121.438994', '31.247371')"
862,"普陀区绿地世纪城(二期)('121.422581', '31.230467')"
863,"普陀区绿地世纪城(二期)('121.422581', '31.230467')"
864,"普陀区桃浦一村瑞香苑('121.352090', '31.281401')"
865,"普陀区新天大厦('121.447385', '31.242358')"
866,"普陀区嘉安大厦('121.399840', '31.244231')"
867,"普陀区荣和怡景园('121.389431', '31.275626')"
868,"普陀区车站新村(普陀)('121.402226', '31.260788')"
869,"普陀区真北二街坊('121.396006', '31.258550')"
870,"普陀区佳祥公寓('121.390096', '31.251033')"
871,"普陀区愉景华庭('122.323867', '29.971760')"
872,"普陀区泰欣嘉园('121.432669', '31.247223')"
873,"普陀区桃浦六村绿春苑('121.355723', '31.287312')"
874,"普陀区桃浦七村雪松苑('121.353256', '31.286722')"
875,"普陀区中远两湾城('121.442991', '31.252114')"
876,"普陀区万业新阶('121.441393', '31.255111')"
877,"普陀区安居金祁新城('121.386513', '31.293182')"
878,"普陀区愉景华庭('122.323867', '29.971760')"
879,"普陀区佳祥公寓('121.390096', '31.251033')"
880,"普陀区绿地世纪城(二期)('121.422581', '31.230467')"
881,"普陀区武宁路74弄('121.423495', '31.239119')"
882,"普陀区武宁小城('121.422797', '31.241386')"
883,"普陀区南泉苑('121.423634', '31.268989')"
884,"普陀区桃浦三村石榴苑('121.345432', '31.282562')"
885,"普陀区中浩云花园('121.416306', '31.262481')"
886,"普陀区大华颐和华城(公寓)('121.401148', '31.274726')"
887,"普陀区车站新村(普陀)('121.402226', '31.260788')"
888,"普陀区甘泉苑('121.433305', '31.260862')"
889,"普陀区锦绣里('121.447658', '31.242946')"
890,"普陀区大隆花苑('121.431392', '31.257239')"
891,"普陀区普雄馨苑('121.424192', '31.236978')"
892,"普陀区杨家桥小区(普陀)('121.441620', '31.265957')"
893,"普陀区桃浦七村雪松苑('121.353256', '31.286722')"
894,"普陀区桃浦七村雪松苑('121.353256', '31.286722')"
895,"普陀区世纪之门('121.438994', '31.247371')"
896,"普陀区绿地世纪城(二期)('121.422581', '31.230467')"
897,"普陀区嘉华苑(普陀)('121.448506', '31.255281')"
898,"普陀区怡佳公寓('121.388395', '31.290189')"
899,"普陀区延长小区(普陀)('121.441620', '31.265957')"
900,"普陀区尚诚国际苑('121.418741', '31.236007')"
901,"普陀区桃浦十村（紫藤苑小区白丽路701弄）('121.346149', '31.286912')"
902,"普陀区安居锦竹苑('121.347818', '31.290091')"
903,"普陀区桃浦四村易居紫荆苑('114.410124', '23.082367')"
904,"普陀区中宁大楼('121.422423', '31.242735')"
905,"普陀区乐活居('121.439464', '31.246222')"
906,"普陀区中山润园('121.411932', '31.224207')"
907,"普陀区汪家井小区('121.441620', '31.265957')"
908,"普陀区中鹰黑森林('121.408772', '31.271203')"
909,"普陀区南大街15弄(普陀)('121.402533', '31.248293')"
910,"普陀区绿地世纪城(二期)('121.422581', '31.230467')"
911,"普陀区南石二路125号('122.323867', '29.971760')"
912,"普陀区曹杨花苑('121.402144', '31.257370')"
913,"普陀区杨家桥小区(普陀)('121.441620', '31.265957')"
914,"普陀区新湖明珠城（一二期）('121.427424', '31.243045')"
915,"普陀区上海知音苑('121.427323', '31.233833')"
916,"普陀区长风四村('121.397494', '31.231350')"
917,"普陀区新黄小区('121.428122', '31.263250')"
918,"普陀区曹杨五村(梅花园)('121.408698', '31.232558')"
919,"普陀区真北二街坊('121.396006', '31.258550')"
920,"普陀区绿地世纪城(二期)('121.422581', '31.230467')"
921,"普陀区中山北路2185弄('121.428196', '31.247037')"
922,"普陀区桃浦七村雪松苑('121.353256', '31.286722')"
923,"普陀区桃浦七村雪松苑('121.353256', '31.286722')"
924,"普陀区世纪之门('121.438994', '31.247371')"
925,"普陀区真北一街坊('121.398191', '31.258197')"
926,"普陀区甘泉公寓('121.423601', '31.262564')"
927,"普陀区高尚领域('121.408711', '31.252804')"
928,"浦东新区芳雅苑('121.563839', '31.195602')"
929,"浦东新区凯利海华府('121.519374', '31.174036')"
930,"浦东新区东方悦耀('121.544379', '31.221517')"
931,"浦东新区东昌新村('121.511591', '31.232579')"
932,"浦东新区世茂滨江花园('121.513601', '31.222484')"
933,"浦东新区凯利海华府('121.519374', '31.174036')"
934,"浦东新区吉利名苑('121.507505', '31.159322')"
935,"浦东新区华丰佳园('121.502383', '31.159736')"
936,"浦东新区东旺名苑('121.503482', '31.156908')"
937,"浦东新区凯利海华府('121.519374', '31.174036')"
938,"浦东新区新里城和合苑('121.526490', '31.158224')"
939,"浦东新区中粮前滩海景壹号('121.480978', '31.160315')"
940,"浦东新区世茂滨江花园('121.513601', '31.222484')"
941,"浦东新区金海商业广场('121.606237', '31.259334')"
942,"浦东新区汤臣商务中心('121.511769', '31.224767')"
943,"浦东新区上泰雅苑('121.582534', '31.278808')"
944,"浦东新区桃李家园('121.507580', '31.161079')"
945,"浦东新区凯利海华府('121.519374', '31.174036')"
946,"浦东新区东陆新村六街坊('121.596865', '31.278817')"
947,"浦东新区凯利海华府('121.519374', '31.174036')"
948,"浦东新区南江苑('121.517784', '31.168527')"
949,"浦东新区三湘印象名邸('121.469435', '31.149696')"
950,"浦东新区凯利海华府('121.519374', '31.174036')"
951,"浦东新区凯利海华府('121.519374', '31.174036')"
952,"浦东新区海上国际花园(一期)('121.546704', '31.181280')"
953,"浦东新区锦博苑('121.537099', '31.189471')"
954,"浦东新区东陆新村九街坊('121.602659', '31.275886')"
955,"浦东新区沪南船舶小区('121.577719', '31.267033')"
956,"浦东新区银桥花苑('121.587674', '31.259628')"
957,"浦东新区南杨小区(新浦路)('121.534156', '31.172260')"
958,"浦东新区毕加索小镇(一期)(公寓)('121.650130', '31.215556')"
959,"浦东新区保利金爵公寓('121.653122', '31.203411')"
960,"浦东新区潍坊六村('121.522414', '31.222188')"
961,"浦东新区潍坊五村('121.523317', '31.220084')"
962,"浦东新区开发浦东('121.517911', '31.224003')"
963,"浦东新区碧云壹零('121.899975', '30.902811')"
964,"浦东新区阳光城愉景湾('121.704561', '31.177059')"
965,"浦东新区瀚锦苑('121.511506', '31.151028')"
966,"浦东新区爱法珑庭('121.520249', '31.218861')"
967,"浦东新区江悦名庭('121.544379', '31.221517')"
968,"浦东新区江通苑('121.544379', '31.221517')"
969,"浦东新区蝶恋园('121.572395', '31.262358')"
970,"浦东新区江悦名庭('121.544379', '31.221517')"
971,"浦东新区浦江海德('121.470452', '31.149863')"
972,"浦东新区潍坊十村('121.525040', '31.225073')"
973,"浦东新区万科金色里程(公寓)('121.528475', '31.161930')"
974,"浦东新区海悦华庭('121.479961', '31.150006')"
975,"浦东新区香樟苑北苑（海阳路1065弄）('121.505978', '31.159097')"
976,"浦东新区江悦名庭('121.544379', '31.221517')"
977,"浦东新区罗山三村('121.559330', '31.253611')"
978,"浦东新区金杨新村五街坊('121.577410', '31.245409')"
979,"浦东新区潍坊八村('121.527081', '31.218341')"
980,"浦东新区印象春城('121.589753', '31.116006')"
981,"浦东新区金杨六街坊('121.574340', '31.242320')"
982,"浦东新区三杨新村一街坊('121.489234', '31.154236')"
983,"浦东新区汇福家园泰和里('121.594654', '31.089590')"
984,"浦东新区万科五玠坊('121.514808', '31.156002')"
985,"浦东新区毕加索小镇(一期)(公寓)('121.650130', '31.215556')"
986,"浦东新区江悦名庭('121.544379', '31.221517')"
987,"浦东新区尚峰名邸('121.469936', '31.148417')"
988,"浦东新区环球广场('121.533418', '31.243510')"
989,"浦东新区梅园五街坊('121.529281', '31.231555')"
990,"浦东新区尚峰名邸('121.469936', '31.148417')"
991,"浦东新区济阳二村('121.481349', '31.170532')"
992,"浦东新区崂山四村('121.518257', '31.235026')"
993,"浦东新区光辉小区('121.706346', '31.066104')"
994,"浦东新区东方悦耀('121.544379', '31.221517')"
995,"浦东新区梅园四街坊('121.526243', '31.232025')"
996,"浦东新区晶萃名邸('121.544379', '31.221517')"
997,"浦东新区尚海郦景('121.538122', '31.239637')"
998,"浦东新区梅园三街坊('121.524245', '31.234472')"
999,"浦东新区合生时代锦苑(别墅)('121.489355', '31.152097')"
1000,"浦东新区尚峰名邸('121.469936', '31.148417')"
1001,"浦东新区住友昌盛新苑('121.509070', '31.177952')"
1002,"浦东新区远洋万和四季('121.785940', '31.065473')"
1003,"浦东新区中邦大都会('121.573696', '31.136097')"
1004,"浦东新区梅园五街坊('121.529281', '31.231555')"
1005,"浦东新区仁恒森兰雅苑(三期)('121.592493', '31.297130')"
1006,"浦东新区证大家园(三期)('121.596133', '31.280903')"
1007,"浦东新区晶耀名邸('121.476100', '31.150655')"
1008,"浦东新区绿茵苑(浦东)('121.501364', '31.149968')"
1009,"浦东新区民乐城建欣苑('121.744750', '31.057050')"
1010,"浦东新区证大家园(三期)('121.596133', '31.280903')"
1011,"浦东新区恒大星级公寓('121.511121', '31.170907')"
1012,"浦东新区恒大华城长清苑('121.488468', '31.161034')"
1013,"浦东新区上南山水苑('121.503409', '31.158566')"
1014,"浦东新区贵龙园('121.526248', '31.206116')"
1015,"浦东新区仁恒森兰雅苑(三期)('121.592493', '31.297130')"
1016,"浦东新区成功家园(公寓)('121.724737', '31.047621')"
1017,"浦东新区民乐城朗苑('121.745829', '31.056974')"
1018,"浦东新区大华斐勒公园（华春路100弄）('121.525438', '31.178897')"
1019,"浦东新区金樟花苑('121.564903', '31.258676')"
1020,"浦东新区南杨小区(长清路)('121.492173', '31.156136')"
1021,"浦东新区金杨新村八街坊('121.584403', '31.245332')"
1022,"浦东新区绿川小区('121.551352', '31.171775')"
1023,"浦东新区由由一村('121.527729', '31.193332')"
1024,"浦东新区长岛公寓('121.602724', '31.264731')"
1025,"浦东新区金桥新村四街坊('121.590783', '31.264085')"
1026,"浦东新区东波苑二街坊('121.576545', '31.285292')"
1027,"浦东新区东波苑二街坊('121.576545', '31.285292')"
1028,"浦东新区金巷小区('121.599672', '31.258562')"
1029,"浦东新区禹洲商业广场('121.738639', '31.039400')"
1030,"浦东新区爱法新都('121.600279', '31.256473')"
1031,"浦东新区世茂滨江花园('121.513601', '31.222484')"
1032,"浦东新区明天华城('121.579194', '31.101928')"
1033,"浦东新区浦城小区('121.515043', '31.224834')"
1034,"浦东新区嘉泷汇('121.589107', '31.255411')"
1035,"浦东新区新紫茂国际('121.609238', '31.279791')"
1036,"浦东新区桃园新城中城苑('121.587815', '31.089098')"
1037,"浦东新区汇豪天下('121.509288', '31.227619')"
1038,"浦东新区瑞和苑('121.588358', '31.085602')"
1039,"浦东新区永业小区('121.614263', '31.264969')"
1040,"浦东新区外外滩('121.574750', '31.269249')"
1041,"浦东新区盛大金磐('121.505860', '31.231735')"
1042,"浦东新区东二小区('121.596282', '31.268485')"
1043,"浦东新区碧云新天地(三期)('121.591087', '31.259385')"
1044,"浦东新区金桥新村四街坊('121.590783', '31.264085')"
1045,"浦东新区嘉泷汇('121.589107', '31.255411')"
1046,"浦东新区丽水雅苑('119.857042', '28.414399')"
1047,"浦东新区惠丰园小区('121.763416', '31.050927')"
1048,"浦东新区玉宇新苑('121.684274', '31.188571')"
1049,"浦东新区见龙苑('121.693267', '31.194357')"
1050,"浦东新区界龙花苑('121.694662', '31.183984')"
1051,"浦东新区浦发绿城西泰林路750弄('121.536698', '31.154710')"
1052,"浦东新区盛世南苑('121.500792', '31.121653')"
1053,"浦东新区华川家园('121.714169', '31.182496')"
1054,"浦东新区金樟花苑('121.564903', '31.258676')"
1055,"浦东新区艾山新村('121.564964', '31.243527')"
1056,"浦东新区金杨新村五街坊('121.577410', '31.245409')"
1057,"浦东新区曙航苑('121.710169', '31.190166')"
1058,"浦东新区金樟花苑('121.564903', '31.258676')"
1059,"浦东新区金领国际(公寓)('121.679248', '31.253822')"
1060,"浦东新区翔川家园('121.695421', '31.181986')"
1061,"浦东新区齐友佳苑('121.671957', '31.205326')"
1062,"浦东新区金樟花苑('121.564903', '31.258676')"
1063,"浦东新区三林新村(永泰路468弄)('121.512142', '31.136353')"
1064,"浦东新区永泰花苑('121.517744', '31.137676')"
1065,"浦东新区三林新村(永泰路258弄)('121.512142', '31.136353')"
1066,"浦东新区齐爱佳苑('121.661412', '31.207355')"
1067,"浦东新区东方悦居('121.504442', '31.165083')"
1068,"浦东新区同康苑('121.504379', '31.120297')"
1069,"浦东新区云川公寓('121.692659', '31.195992')"
1070,"浦东新区环球翡翠湾花园(公寓)('121.532917', '31.153520')"
1071,"浦东新区香山新村东北街坊('121.569851', '31.243138')"
1072,"浦东新区品新苑('121.524526', '31.140417')"
1073,"浦东新区合生时代锦苑(公寓)('121.489355', '31.152097')"
1074,"浦东新区万科新里程('121.530429', '31.159771')"
1075,"浦东新区朱家滩小区('121.519315', '31.224537')"
1076,"浦东新区宜浩佳园('121.914202', '30.900855')"
1077,"浦东新区金杨二街坊('121.574937', '31.248957')"
1078,"浦东新区潍坊二村('121.520460', '31.220308')"
1079,"浦东新区潍坊七村('121.521862', '31.224513')"
1080,"浦东新区未来域('121.536706', '31.149759')"
1081,"浦东新区金茂花园('121.560708', '31.259138')"
1082,"浦东新区香山新村东南街坊('121.571810', '31.240607')"
1083,"浦东新区金樟花苑('121.564903', '31.258676')"
1084,"浦东新区金领国际(公寓)('121.679248', '31.253822')"
1085,"浦东新区金爵别墅('121.654936', '31.224414')"
1086,"浦东新区南杨小区(长清路)('121.492173', '31.156136')"
1087,"浦东新区东方悦耀('121.544379', '31.221517')"
1088,"浦东新区陆家嘴锦绣前城('121.537669', '31.196306')"
1089,"浦东新区锦三角花园(公寓)('121.542461', '31.186604')"
1090,"浦东新区晶耀名邸('121.476100', '31.150655')"
1091,"浦东新区江悦名庭('121.544379', '31.221517')"
1092,"浦东新区江悦名庭('121.544379', '31.221517')"
1093,"浦东新区江悦名庭('121.544379', '31.221517')"
1094,"浦东新区江悦名庭('121.544379', '31.221517')"
1095,"浦东新区金杨二街坊('121.574937', '31.248957')"
1096,"浦东新区东欣小区('121.522875', '31.225808')"
1097,"浦东新区万科金色里程(公寓)('121.528475', '31.161930')"
1098,"浦东新区保利艾庐('121.640761', '31.098260')"
1099,"浦东新区鹏海小区('121.564144', '31.174509')"
1100,"浦东新区凌云公寓('121.498929', '31.147810')"
1101,"浦东新区毕加索小镇(一期)(公寓)('121.650130', '31.215556')"
1102,"浦东新区江通苑('121.544379', '31.221517')"
1103,"浦东新区金利公寓('121.662438', '31.203674')"
1104,"浦东新区玉兰小区('121.560354', '31.180139')"
1105,"浦东新区金融家('121.672490', '31.242309')"
1106,"浦东新区飞旺家园('121.501728', '31.158058')"
1107,"浦东新区东方滨港园('121.530316', '31.158212')"
1108,"浦东新区新生苑('121.741668', '31.172709')"
1109,"浦东新区九龙仓兰廷('121.518413', '31.213807')"
1110,"浦东新区王桥小区('121.596146', '31.285467')"
1111,"浦东新区浦发绿城永泰路2079弄('121.536698', '31.154710')"
1112,"浦东新区鹏海小区('121.564144', '31.174509')"
1113,"浦东新区由由一村('121.527729', '31.193332')"
1114,"浦东新区凌云公寓('121.498929', '31.147810')"
1115,"浦东新区舜川公寓('121.717101', '31.202628')"
1116,"浦东新区三林新村(永泰路258弄)('121.512142', '31.136353')"
1117,"浦东新区由由四村('121.533076', '31.190625')"
1118,"浦东新区绿川公寓('121.551352', '31.171775')"
1119,"浦东新区莲溪一村('121.559961', '31.183150')"
1120,"浦东新区金唐公寓('121.658305', '31.201905')"
1121,"浦东新区欣顺小区('121.542535', '31.168772')"
1122,"浦东新区杉林新月环林东路875弄('121.529558', '31.141787')"
1123,"浦东新区玉宇新苑('121.684274', '31.188571')"
1124,"浦东新区见龙苑('121.693267', '31.194357')"
1125,"浦东新区毕加索小镇(一期)(公寓)('121.650130', '31.215556')"
1126,"浦东新区界龙花苑('121.694662', '31.183984')"
1127,"浦东新区浦发绿城西泰林路750弄('121.536698', '31.154710')"
1128,"浦东新区江通苑('121.544379', '31.221517')"
1129,"浦东新区盛世南苑('121.500792', '31.121653')"
1130,"浦东新区华川家园('121.714169', '31.182496')"
1131,"浦东新区金利公寓('121.662438', '31.203674')"
1132,"浦东新区金樟花苑('121.564903', '31.258676')"
1133,"浦东新区艾山新村('121.564964', '31.243527')"
1134,"浦东新区金杨新村五街坊('121.577410', '31.245409')"
1135,"浦东新区曙航苑('121.710169', '31.190166')"
1136,"浦东新区金樟花苑('121.564903', '31.258676')"
1137,"浦东新区黄山新村('121.568219', '31.252844')"
1138,"浦东新区凯利海华府('121.519374', '31.174036')"
1139,"浦东新区南江苑('121.517784', '31.168527')"
1140,"浦东新区凯利海华府('121.519374', '31.174036')"
1141,"浦东新区三湘印象名邸('121.469435', '31.149696')"
1142,"浦东新区凯利海华府('121.519374', '31.174036')"
1143,"浦东新区凯利海华府('121.519374', '31.174036')"
1144,"浦东新区海上国际花园(一期)('121.546704', '31.181280')"
1145,"浦东新区锦博苑('121.537099', '31.189471')"
1146,"浦东新区东陆新村九街坊('121.602659', '31.275886')"
1147,"浦东新区沪南船舶小区('121.577719', '31.267033')"
1148,"浦东新区银桥花苑('121.587674', '31.259628')"
1149,"浦东新区南杨小区(新浦路)('121.534156', '31.172260')"
1150,"浦东新区凯利海华府('121.519374', '31.174036')"
1151,"浦东新区金鹏苑('121.590379', '31.255995')"
1152,"浦东新区凯利海华府('121.519374', '31.174036')"
1153,"浦东新区凯利海华府('121.519374', '31.174036')"
1154,"浦东新区金海商业广场('121.606237', '31.259334')"
1155,"浦东新区凯利海华府('121.519374', '31.174036')"
1156,"浦东新区海阳新村('121.494292', '31.153120')"
1157,"浦东新区江悦名庭('121.544379', '31.221517')"
1158,"浦东新区杨思路582号('121.495837', '31.161373')"
1159,"浦东新区由由六村('121.528672', '31.189981')"
1160,"浦东新区浦江海德('121.470452', '31.149863')"
1161,"浦东新区江悦名庭('121.544379', '31.221517')"
1162,"浦东新区浦三小区('121.592090', '31.266140')"
1163,"浦东新区海上国际花园(一期)('121.546704', '31.181280')"
1164,"浦东新区杨南新村('121.503384', '31.150801')"
1165,"浦东新区世华锦城('121.500285', '31.161641')"
1166,"浦东新区莱阳北小区('121.578113', '31.273525')"
1167,"浦东新区东二小区('121.596282', '31.268485')"
1168,"浦东新区胶南小区('121.510702', '31.199760')"
1169,"浦东新区和韵家园('121.586184', '31.300336')"
1170,"浦东新区绿地崴廉公寓('121.613266', '31.290406')"
1171,"浦东新区远洋万和四季('121.785940', '31.065473')"
1172,"浦东新区海玥瑄邸('121.719517', '31.046008')"
1173,"浦东新区中惠广场('121.609442', '31.253277')"
1174,"浦东新区永业小区('121.614263', '31.264969')"
1175,"浦东新区连城新苑('121.580917', '31.293232')"
1176,"浦东新区证大家园(二期)('121.600974', '31.283618')"
1177,"浦东新区碧海现代苑('121.600845', '31.252562')"
1178,"浦东新区仁恒森兰雅苑(一期)('121.592782', '31.295248')"
1179,"浦东新区科教园区大学城生活区('121.784405', '31.049024')"
1180,"浦东新区中冶尚城('121.584701', '31.314203')"
1181,"浦东新区碧云新天地(一期)('121.587690', '31.261034')"
1182,"浦东新区金地未未来('121.587788', '31.306587')"
1183,"浦东新区阳光城市家园('121.614237', '31.272103')"
1184,"浦东新区新高苑(四期)('121.619875', '31.290351')"
1185,"浦东新区东二小区('121.596282', '31.268485')"
1186,"浦东新区碧云新天地(三期)('121.591087', '31.259385')"
1187,"浦东新区中大丽都('121.589022', '31.272451')"
1188,"浦东新区金新花苑('121.587844', '31.257546')"
1189,"浦东新区碧云新天地(三期)('121.591087', '31.259385')"
1190,"浦东新区永业小区('121.614263', '31.264969')"
1191,"浦东新区高行绿洲(六期)('121.591746', '31.323095')"
1192,"浦东新区民乐城汇雅苑('121.750107', '31.071945')"
1193,"浦东新区汇福家园祥和里('121.594654', '31.089590')"
1194,"浦东新区桃园新城中城苑('121.587815', '31.089098')"
1195,"浦东新区绿地景汇佳苑('121.579528', '31.107182')"
1196,"浦东新区保利艾庐('121.640761', '31.098260')"
1197,"浦东新区幸福小镇('121.608044', '31.300958')"
1198,"浦东新区三林新村(永泰路468弄)('121.512142', '31.136353')"
1199,"浦东新区永泰花苑('121.517744', '31.137676')"
1200,"浦东新区三林新村(永泰路258弄)('121.512142', '31.136353')"
1201,"浦东新区齐爱佳苑('121.661412', '31.207355')"
1202,"浦东新区东方悦居('121.504442', '31.165083')"
1203,"浦东新区同康苑('121.504379', '31.120297')"
1204,"浦东新区云川公寓('121.692659', '31.195992')"
1205,"浦东新区环球翡翠湾花园(公寓)('121.532917', '31.153520')"
1206,"浦东新区香山新村东北街坊('121.569851', '31.243138')"
1207,"浦东新区品新苑('121.524526', '31.140417')"
1208,"浦东新区金杨路750弄('121.583883', '31.252347')"
1209,"浦东新区林梅小区('121.507886', '31.141245')"
1210,"浦东新区河滨小区('121.702694', '31.192506')"
1211,"浦东新区河滨小区('121.702694', '31.192506')"
1212,"浦东新区翠竹苑('121.518621', '31.141793')"
1213,"浦东新区浦发御园('121.534266', '31.147101')"
1214,"浦东新区潍坊四村('121.524164', '31.218283')"
1215,"浦东新区香山新村西南街坊('121.568809', '31.238872')"
1216,"浦东新区凌兆新村(上浦路201弄)('121.489663', '31.141301')"
1217,"浦东新区潍坊八村('121.527081', '31.218341')"
1218,"浦东新区金杨七街坊('121.581477', '31.247643')"
1219,"浦东新区川虹新苑('121.713530', '31.179968')"
1220,"浦东新区绿波城('121.664715', '31.209423')"
1221,"浦东新区创新佳苑('121.662070', '31.205657')"
1222,"浦东新区潍坊七村('121.521862', '31.224513')"
1223,"浦东新区中海御景熙岸(公寓)('121.529860', '31.129516')"
1224,"浦东新区金光小区('121.512791', '31.145132')"
1225,"浦东新区金杨七街坊('121.581477', '31.247643')"
1226,"浦东新区金桥路530弄('121.574344', '31.261570')"
1227,"浦东新区园丁楼('121.544379', '31.221517')"
1228,"浦东新区川虹新苑('121.713530', '31.179968')"
1229,"浦东新区黄山新村('121.568219', '31.252844')"
1230,"浦东新区金杨七街坊('121.581477', '31.247643')"
1231,"浦东新区金桥瑞仕花园('121.576714', '31.255672')"
1232,"浦东新区浦发罗兰翡丽('121.673559', '31.226225')"
1233,"浦东新区金桥都市花园('121.583962', '31.256909')"
1234,"浦东新区金杨新村五街坊('121.577410', '31.245409')"
1235,"浦东新区东陆新村七街坊('121.600347', '31.275964')"
1236,"浦东新区荷三小区('121.596580', '31.265197')"
1237,"浦东新区陈家宅小区(浦东大道)('121.572993', '31.266058')"
1238,"浦东新区中环滨江大厦('121.571809', '31.266392')"
1239,"浦东新区潍坊九村('121.526610', '31.221908')"
1240,"浦东新区陈家宅小区(浦东大道)('121.572993', '31.266058')"
1241,"浦东新区长岛公寓('121.602724', '31.264731')"
1242,"浦东新区繁荣昌盛('121.520492', '31.227054')"
1243,"浦东新区金色米兰苑('121.615227', '31.269550')"
1244,"浦东新区长岛公寓('121.602724', '31.264731')"
1245,"浦东新区金桥新村四街坊('121.590783', '31.264085')"
1246,"浦东新区东波苑二街坊('121.576545', '31.285292')"
1247,"浦东新区东波苑二街坊('121.576545', '31.285292')"
1248,"浦东新区金巷小区('121.599672', '31.258562')"
1249,"浦东新区香桂园('121.766208', '31.038225')"
1250,"浦东新区禹洲商业广场('121.738639', '31.039400')"
1251,"浦东新区梧桐国际('121.626343', '31.111415')"
1252,"浦东新区爱法新都('121.600279', '31.256473')"
1253,"浦东新区世茂滨江花园('121.513601', '31.222484')"
1254,"浦东新区明天华城('121.579194', '31.101928')"
1255,"浦东新区浦城小区('121.515043', '31.224834')"
1256,"浦东新区嘉泷汇('121.589107', '31.255411')"
1257,"浦东新区新紫茂国际('121.609238', '31.279791')"
1258,"浦东新区白杨小区('121.559560', '31.193003')"
1259,"浦东新区鹏海小区('121.564144', '31.174509')"
1260,"浦东新区海运新村('121.514407', '31.207002')"
1261,"浦东新区海上国际花园(一期)('121.546704', '31.181280')"
1262,"浦东新区仁恒滨江园('121.508250', '31.229811')"
1263,"浦东新区浦东星河湾('121.534459', '31.192631')"
1264,"浦东新区绿地MTOWN('121.603490', '31.176805')"
1265,"浦东新区昌四小区('121.514777', '31.177323')"
1266,"浦东新区上南八村('121.502466', '31.172760')"
1267,"浦东新区盛大天地青春里2.0('121.605428', '31.169842')"
1268,"浦东新区中建朗阅府('121.627067', '31.176737')"
1269,"浦东新区微山新村('121.515364', '31.209440')"
1270,"浦东新区世茂滨江花园('121.513601', '31.222484')"
1271,"浦东新区上钢一村('121.493057', '31.172497')"
1272,"浦东新区上南十村('121.502790', '31.170672')"
1273,"浦东新区城市经典四期高迪('121.619179', '31.214732')"
1274,"浦东新区峨海小区('121.527485', '31.215377')"
1275,"浦东新区张江汤臣豪园(四期)('121.590103', '31.199369')"
1276,"浦东新区浦建小区('121.520547', '31.210053')"
1277,"浦东新区凯利海华府('121.519374', '31.174036')"
1278,"浦东新区凯利海华府('121.519374', '31.174036')"
1279,"浦东新区德州一村('121.494842', '31.169040')"
1280,"浦东新区凯利海华府('121.519374', '31.174036')"
1281,"浦东新区文兰小区('121.525898', '31.210909')"
1282,"浦东新区欣晟家园('121.527917', '31.202198')"
1283,"浦东新区远洋万和四季('121.785940', '31.065473')"
1284,"浦东新区万邦都市花园('121.555310', '31.202049')"
1285,"浦东新区凯利海华府('121.519374', '31.174036')"
1286,"浦东新区绿地MTOWN('121.603490', '31.176805')"
1287,"浦东新区城南路711号('121.761339', '31.042043')"
1288,"浦东新区江悦名庭('121.544379', '31.221517')"
1289,"浦东新区江悦名庭('121.544379', '31.221517')"
1290,"浦东新区心圆西苑('121.690152', '31.172250')"
1291,"浦东新区江悦名庭('121.544379', '31.221517')"
1292,"浦东新区绿地东岸涟城('121.918137', '30.884306')"
1293,"浦东新区思浦小区('121.493553', '31.159346')"
1294,"浦东新区黄山新村('121.568219', '31.252844')"
1295,"浦东新区潍坊四村('121.524164', '31.218283')"
1296,"浦东新区毕加索小镇(一期)(公寓)('121.650130', '31.215556')"
1297,"浦东新区江悦名庭('121.544379', '31.221517')"
1298,"浦东新区保利金爵公寓('121.653122', '31.203411')"
1299,"浦东新区潍坊六村('121.522414', '31.222188')"
1300,"浦东新区潍坊五村('121.523317', '31.220084')"
1301,"浦东新区开发浦东('121.517911', '31.224003')"
1302,"浦东新区碧云壹零('121.899975', '30.902811')"
1303,"浦东新区阳光城愉景湾('121.704561', '31.177059')"
1304,"浦东新区瀚锦苑('121.511506', '31.151028')"
1305,"浦东新区爱法珑庭('121.520249', '31.218861')"
1306,"浦东新区江悦名庭('121.544379', '31.221517')"
1307,"浦东新区江通苑('121.544379', '31.221517')"
1308,"浦东新区蝶恋园('121.572395', '31.262358')"
1309,"浦东新区江悦名庭('121.544379', '31.221517')"
1310,"浦东新区浦江海德('121.470452', '31.149863')"
1311,"浦东新区潍坊十村('121.525040', '31.225073')"
1312,"浦东新区万科金色里程(公寓)('121.528475', '31.161930')"
1313,"浦东新区江悦名庭('121.544379', '31.221517')"
1314,"浦东新区海悦华庭('121.479961', '31.150006')"
1315,"浦东新区香樟苑北苑（海阳路1065弄）('121.505978', '31.159097')"
1316,"浦东新区江悦名庭('121.544379', '31.221517')"
1317,"浦东新区罗山三村('121.559330', '31.253611')"
1318,"浦东新区浦江海德('121.470452', '31.149863')"
1319,"浦东新区翰城国际('121.509724', '31.155031')"
1320,"浦东新区中信五牛城('121.531182', '31.241820')"
1321,"浦东新区阳升公寓('121.518211', '31.243026')"
1322,"浦东新区浦江海德('121.470452', '31.149863')"
1323,"浦东新区海院小区('121.536354', '31.241416')"
1324,"浦东新区飞旺家园('121.501728', '31.158058')"
1325,"浦东新区枫丹白露别墅('121.717148', '31.043409')"
1326,"浦东新区紫竹华庭('121.510589', '31.177694')"
1327,"浦东新区艾南小区('121.530494', '31.169401')"
1328,"浦东新区民乐城建欣苑('121.744750', '31.057050')"
1329,"浦东新区金隆置地大厦('121.521628', '31.241084')"
1330,"浦东新区中粮前滩海景壹号('121.480978', '31.160315')"
1331,"浦东新区地杰国际城E欧泊时光('121.575692', '31.157771')"
1332,"浦东新区东方御水湾('121.570512', '31.147226')"
1333,"浦东新区万科金色城市('121.571133', '31.161078')"
1334,"浦东新区绿洲康城亲水湾(中央区)('121.574693', '31.150194')"
1335,"浦东新区绿洲康城亲水湾(中央区)('121.574693', '31.150194')"
1336,"浦东新区万科海上传奇('121.538908', '31.150991')"
1337,"浦东新区绿洲康城亲水湾(中央区)('121.574693', '31.150194')"
1338,"浦东新区绿洲康城亲水湾(东区)('121.584001', '31.152395')"
1339,"浦东新区地杰国际城E欧泊时光('121.575692', '31.157771')"
1340,"浦东新区绿洲康城亲水湾(中央区)('121.574693', '31.150194')"
1341,"浦东新区地杰国际城D街坊('121.574782', '31.160792')"
1342,"浦东新区民星苑('121.569563', '31.160889')"
1343,"浦东新区康桥花园('121.563172', '31.149112')"
1344,"浦东新区和合新村('121.573710', '31.151110')"
1345,"浦东新区绿洲康城金帝豪苑('121.574390', '31.147923')"
1346,"浦东新区万科海上传奇('121.538908', '31.150991')"
1347,"浦东新区锦绣华都('121.581189', '31.154916')"
1348,"浦东新区大华锦绣华城(十九街区)(公寓)('121.542544', '31.177634')"
1349,"浦东新区同科公寓('121.522840', '31.241107')"
1350,"浦东新区菊园('121.513466', '31.228273')"
1351,"浦东新区君誉江畔('121.518387', '31.211358')"
1352,"浦东新区中邦城市('121.570763', '31.135949')"
1353,"浦东新区东晶国际公寓('121.530787', '31.240753')"
1354,"浦东新区兴东佳苑(一期)('121.759956', '31.053368')"
1355,"浦东新区港驳小区('121.526406', '31.213928')"
1356,"浦东新区陆家嘴锦绣前城('121.537669', '31.196306')"
1357,"浦东新区梅园六街坊('121.526936', '31.235105')"
1358,"浦东新区良友大厦('121.517790', '31.230096')"
1359,"浦东新区方糖公寓('121.739900', '31.025419')"
1360,"浦东新区梅园三村('121.522310', '31.239233')"
1361,"浦东新区民乐城秀园(西苑)('121.745029', '31.067909')"
1362,"浦东新区馨澜公寓('121.544379', '31.221517')"
1363,"浦东新区乳山五村('121.523033', '31.231915')"
1364,"浦东新区万科金色城品('121.507062', '31.171867')"
1365,"浦东新区大华锦绣华城(十七街区)(公寓)('121.522249', '31.177626')"
1366,"浦东新区金隆置地大厦('121.521628', '31.241084')"
1367,"浦东新区科教园区大学城生活区('121.784405', '31.049024')"
1368,"浦东新区天科苑('121.517577', '31.220456')"
1369,"浦东新区菊园('121.513466', '31.228273')"
1370,"浦东新区梅园三街坊('121.524245', '31.234472')"
1371,"浦东新区怡东花园(别墅)('121.526737', '31.203357')"
1372,"浦东新区浦三路732弄('121.517847', '31.185246')"
1373,"浦东新区东园四村('121.513119', '31.230122')"
1374,"浦东新区大华锦绣华城(十二街区)('121.522249', '31.177626')"
1375,"浦东新区城中花园('121.577042', '31.131243')"
1376,"浦东新区崂山四村('121.518257', '31.235026')"
1377,"浦东新区禹洲商业广场('121.738639', '31.039400')"
1378,"浦东新区文兰小区('121.525898', '31.210909')"
1379,"浦东新区欣晟家园('121.527917', '31.202198')"
1380,"浦东新区远洋万和四季('121.785940', '31.065473')"
1381,"浦东新区万邦都市花园('121.555310', '31.202049')"
1382,"浦东新区凯利海华府('121.519374', '31.174036')"
1383,"浦东新区绿地MTOWN('121.603490', '31.176805')"
1384,"浦东新区城南路711号('121.761339', '31.042043')"
1385,"浦东新区丽水雅苑北苑('119.857042', '28.414399')"
1386,"浦东新区上南三村('121.497834', '31.173988')"
1387,"浦东新区天池二村('121.542752', '31.184287')"
1388,"浦东新区凯利海华府('121.519374', '31.174036')"
1389,"浦东新区城市经典四期高迪('121.619179', '31.214732')"
1390,"浦东新区申云小区('121.751290', '31.039727')"
1391,"浦东新区凯利海华府('121.519374', '31.174036')"
1392,"浦东新区惠康苑('121.738319', '31.069555')"
1393,"浦东新区凯利海华府('121.519374', '31.174036')"
1394,"浦东新区绿川新苑('121.547250', '31.173444')"
1395,"浦东新区方糖公寓('121.739900', '31.025419')"
1396,"浦东新区展峰大楼('121.508525', '31.172327')"
1397,"浦东新区凯利海华府('121.519374', '31.174036')"
1398,"浦东新区宝华海尚郡领('121.547264', '31.178340')"
1399,"浦东新区城市经典四期高迪('121.619179', '31.214732')"
1400,"浦东新区凯利海华府('121.519374', '31.174036')"
1401,"浦东新区科教园区大学城生活区('121.784405', '31.049024')"
1402,"浦东新区汤臣豪庭('121.613806', '31.219466')"
1403,"浦东新区大华锦绣华城(十四街区)('121.522249', '31.177626')"
1404,"浦东新区大华锦绣华城(十五街区)('121.522249', '31.177626')"
1405,"浦东新区绿地MTOWN('121.603490', '31.176805')"
1406,"浦东新区金领国际(公寓)('121.679248', '31.253822')"
1407,"浦东新区金爵别墅('121.654936', '31.224414')"
1408,"浦东新区良友大厦('121.517790', '31.230096')"
1409,"浦东新区陆家嘴锦绣前城('121.537669', '31.196306')"
1410,"浦东新区陆家嘴锦绣前城('121.537669', '31.196306')"
1411,"浦东新区陆家嘴锦绣前城('121.537669', '31.196306')"
1412,"浦东新区上南九村('121.498277', '31.170889')"
1413,"浦东新区海玥瑄邸('121.719517', '31.046008')"
1414,"浦东新区昌五小区('121.517411', '31.178638')"
1415,"浦东新区东南新村(浦东)('121.584735', '31.110203')"
1416,"浦东新区香桂园('121.766208', '31.038225')"
1417,"浦东新区万科提香别墅('121.543579', '31.132939')"
1418,"浦东新区凯利海华府('121.519374', '31.174036')"
1419,"浦东新区万邦都市花园('121.555310', '31.202049')"
1420,"浦东新区紫叶花园('121.551779', '31.183208')"
1421,"浦东新区上南八村('121.502466', '31.172760')"
1422,"浦东新区盛族家园-悉尼阳光·悉尼星光('121.518732', '31.204969')"
1423,"浦东新区东昌新村('121.511591', '31.232579')"
1424,"浦东新区中建朗阅府('121.627067', '31.176737')"
1425,"浦东新区陆家嘴锦绣前城('121.537669', '31.196306')"
1426,"浦东新区万邦都市花园('121.555310', '31.202049')"
1427,"浦东新区张江汤臣豪园(二期)('121.597415', '31.201899')"
1428,"浦东新区孙桥花苑('121.629508', '31.179885')"
1429,"浦东新区东园一村('121.513045', '31.231747')"
1430,"浦东新区沿河泾南路23弄('121.762735', '31.051217')"
1431,"浦东新区由由二村('121.528040', '31.191896')"
1432,"浦东新区塘东小区('121.528057', '31.213094')"
1433,"浦东新区天池一村('121.543909', '31.185698')"
1434,"浦东新区陆家嘴锦绣前城('121.537669', '31.196306')"
1435,"浦东新区海玥瑄邸('121.719517', '31.046008')"
1436,"浦东新区东昌新村('121.511591', '31.232579')"
1437,"浦东新区浦江映象('121.520383', '31.214772')"
1438,"浦东新区海东公寓('121.548323', '31.183745')"
1439,"浦东新区国信世纪海景('121.514108', '31.211669')"
1440,"浦东新区宁阳小区('121.517816', '31.212481')"
1441,"浦东新区崂山六村('121.517459', '31.238458')"
1442,"浦东新区大华锦绣华城(十九街区)(公寓)('121.542544', '31.177634')"
1443,"浦东新区同科公寓('121.522840', '31.241107')"
1444,"浦东新区菊园('121.513466', '31.228273')"
1445,"浦东新区君誉江畔('121.518387', '31.211358')"
1446,"浦东新区中邦城市('121.570763', '31.135949')"
1447,"浦东新区东晶国际公寓('121.530787', '31.240753')"
1448,"浦东新区兴东佳苑(一期)('121.759956', '31.053368')"
1449,"浦东新区港驳小区('121.526406', '31.213928')"
1450,"浦东新区陆家嘴锦绣前城('121.537669', '31.196306')"
1451,"浦东新区梅园六街坊('121.526936', '31.235105')"
1452,"浦东新区良友大厦('121.517790', '31.230096')"
1453,"浦东新区方糖公寓('121.739900', '31.025419')"
1454,"浦东新区梅园三村('121.522310', '31.239233')"
1455,"浦东新区民乐城秀园(西苑)('121.745029', '31.067909')"
1456,"浦东新区馨澜公寓('121.544379', '31.221517')"
1457,"浦东新区乳山五村('121.523033', '31.231915')"
1458,"浦东新区万科金色城品('121.507062', '31.171867')"
1459,"浦东新区大华锦绣华城(十七街区)(公寓)('121.522249', '31.177626')"
1460,"浦东新区金隆置地大厦('121.521628', '31.241084')"
1461,"浦东新区科教园区大学城生活区('121.784405', '31.049024')"
1462,"浦东新区天科苑('121.517577', '31.220456')"
1463,"浦东新区菊园('121.513466', '31.228273')"
1464,"浦东新区梅园三街坊('121.524245', '31.234472')"
1465,"浦东新区怡东花园(别墅)('121.526737', '31.203357')"
1466,"浦东新区浦三路732弄('121.517847', '31.185246')"
1467,"浦东新区东园四村('121.513119', '31.230122')"
1468,"浦东新区荷三小区('121.596580', '31.265197')"
1469,"浦东新区陈家宅小区(浦东大道)('121.572993', '31.266058')"
1470,"浦东新区中环滨江大厦('121.571809', '31.266392')"
1471,"浦东新区潍坊九村('121.526610', '31.221908')"
1472,"浦东新区陈家宅小区(浦东大道)('121.572993', '31.266058')"
1473,"浦东新区长岛公寓('121.602724', '31.264731')"
1474,"浦东新区繁荣昌盛('121.520492', '31.227054')"
1475,"浦东新区金色米兰苑('121.615227', '31.269550')"
1476,"浦东新区江悦名庭('121.544379', '31.221517')"
1477,"浦东新区万科金域澜湾('121.924236', '30.914447')"
1478,"浦东新区宜浩佳园('121.914202', '30.900855')"
1479,"浦东新区江悦名庭('121.544379', '31.221517')"
1480,"浦东新区绿地临港家园（海洋小区）('121.912685', '30.882226')"
1481,"浦东新区江悦名庭('121.544379', '31.221517')"
1482,"浦东新区瑞和苑('121.588358', '31.085602')"
1483,"浦东新区浦发罗兰翡丽('121.673559', '31.226225')"
1484,"浦东新区合生时代锦苑(公寓)('121.489355', '31.152097')"
1485,"浦东新区万科新里程('121.530429', '31.159771')"
1486,"浦东新区朱家滩小区('121.519315', '31.224537')"
1487,"浦东新区宜浩佳园('121.914202', '30.900855')"
1488,"浦东新区江悦名庭('121.544379', '31.221517')"
1489,"浦东新区金杨二街坊('121.574937', '31.248957')"
1490,"浦东新区泉东(二)小区('121.541346', '31.289150')"
1491,"浦东新区江悦名庭('121.544379', '31.221517')"
1492,"浦东新区江悦名庭('121.544379', '31.221517')"
1493,"浦东新区心圆西苑('121.690152', '31.172250')"
1494,"浦东新区江悦名庭('121.544379', '31.221517')"
1495,"浦东新区绿地东岸涟城('121.918137', '30.884306')"
1496,"浦东新区思浦小区('121.493553', '31.159346')"
1497,"浦东新区黄山新村('121.568219', '31.252844')"
1498,"浦东新区新世纪花苑(二期)(浦东)('121.483060', '31.174737')"
1499,"浦东新区红莲小区('121.520264', '31.183698')"
1500,"浦东新区德州一村('121.494842', '31.169040')"
1501,"浦东新区上南十一村('121.499740', '31.167667')"
1502,"浦东新区上南六村('121.499225', '31.177319')"
1503,"浦东新区雪野二村('121.498159', '31.180182')"
1504,"浦东新区历城路20弄('121.491537', '31.176464')"
1505,"浦东新区上钢一村('121.493057', '31.172497')"
1506,"浦东新区昌七小区('121.516127', '31.174951')"
1507,"浦东新区上钢二村('121.493867', '31.175920')"
1508,"浦东新区上南花苑(二期)('121.503335', '31.180290')"
1509,"浦东新区上南二村('121.495920', '31.176048')"
1510,"浦东新区德州大楼('116.357464', '37.434092')"
1511,"浦东新区上南六村('121.499225', '31.177319')"
1512,"浦东新区博文家园('121.513649', '31.185695')"
1513,"浦东新区雪野二村('121.498159', '31.180182')"
1514,"浦东新区昌七小区('121.516127', '31.174951')"
1515,"浦东新区文兰小区('121.525898', '31.210909')"
1516,"浦东新区海富花园('121.529714', '31.213209')"
1517,"浦东新区塘东小区('121.528057', '31.213094')"
1518,"浦东新区中远行家('121.529211', '31.203389')"
1519,"浦东新区塘东小区('121.528057', '31.213094')"
1520,"浦东新区国信世纪海景('121.514108', '31.211669')"
1521,"浦东新区仁恒广场('121.513741', '31.209409')"
1522,"浦东新区浦建小区('121.520547', '31.210053')"
1523,"浦东新区宁阳小区('121.517816', '31.212481')"
1524,"浦东新区西邱小区('121.513880', '31.206610')"
1525,"浦东新区贵龙园('121.526248', '31.206116')"
1526,"浦东新区南泉小区('121.522174', '31.213072')"
1527,"浦东新区峨山小区('121.523599', '31.213556')"
1528,"浦东新区浦三路732弄('121.517847', '31.185246')"
1529,"浦东新区东园四村('121.513119', '31.230122')"
1530,"浦东新区大华锦绣华城(十二街区)('121.522249', '31.177626')"
1531,"浦东新区城中花园('121.577042', '31.131243')"
1532,"浦东新区崂山四村('121.518257', '31.235026')"
1533,"浦东新区禹洲商业广场('121.738639', '31.039400')"
1534,"浦东新区海玥瑄邸('121.719517', '31.046008')"
1535,"浦东新区东南华庭('121.517050', '31.205692')"
1536,"浦东新区科教园区大学城生活区('121.784405', '31.049024')"
1537,"浦东新区景瑞尚滨江('121.513788', '31.212206')"
1538,"浦东新区东园四村('121.513119', '31.230122')"
1539,"浦东新区荡湾新村('121.765921', '31.043246')"
1540,"浦东新区由由三村('121.528639', '31.192833')"
1541,"浦东新区东昌新村('121.511591', '31.232579')"
1542,"浦东新区澳丽花园('121.518303', '31.207388')"
1543,"浦东新区东城花苑一村('121.767112', '31.051516')"
1544,"浦东新区九龙仓滨江壹十八('121.516729', '31.213600')"
1545,"浦东新区绿地柏澜晶舍('121.599730', '31.117872')"
1546,"浦东新区滨康大楼('121.516619', '31.218699')"
1547,"浦东新区峨山小区('121.523599', '31.213556')"
1548,"浦东新区建南新村('121.757462', '31.046816')"
1549,"浦东新区港驳小区('121.526406', '31.213928')"
1550,"浦东新区科教园区大学城生活区('121.784405', '31.049024')"
1551,"浦东新区海玥瑄邸('121.719517', '31.046008')"
1552,"浦东新区久阳滨江公寓('121.517199', '31.222679')"
1553,"浦东新区春之声公寓('121.525145', '31.208985')"
1554,"浦东新区布鲁斯小镇(二期)(别墅)('121.765985', '31.033594')"
1555,"浦东新区浦东星河湾('121.534459', '31.192631')"
1556,"浦东新区上钢一村('121.493057', '31.172497')"
1557,"浦东新区大华锦绣华城(十二街区)('121.522249', '31.177626')"
1558,"浦东新区布鲁斯小镇(二期)('121.765985', '31.033594')"
1559,"浦东新区洪高小区('121.498530', '31.175653')"
1560,"浦东新区由由一村('121.527729', '31.193332')"
1561,"浦东新区海玥瑄邸('121.719517', '31.046008')"
1562,"浦东新区绿地康桥新苑('121.562695', '31.137464')"
1563,"浦东新区张杨路370弄('121.514580', '31.225639')"
1564,"浦东新区良友大厦('121.517790', '31.230096')"
1565,"浦东新区陆家嘴锦绣前城('121.537669', '31.196306')"
1566,"浦东新区陆家嘴锦绣前城('121.537669', '31.196306')"
1567,"浦东新区陆家嘴锦绣前城('121.537669', '31.196306')"
1568,"浦东新区上南九村('121.498277', '31.170889')"
1569,"浦东新区海玥瑄邸('121.719517', '31.046008')"
1570,"浦东新区昌五小区('121.517411', '31.178638')"
1571,"浦东新区东南新村(浦东)('121.584735', '31.110203')"
1572,"浦东新区香桂园('121.766208', '31.038225')"
1573,"浦东新区万科提香别墅('121.543579', '31.132939')"
1574,"浦东新区凯利海华府('121.519374', '31.174036')"
1575,"浦东新区万邦都市花园('121.555310', '31.202049')"
1576,"浦东新区紫叶花园('121.551779', '31.183208')"
1577,"浦东新区上南八村('121.502466', '31.172760')"
1578,"浦东新区盛族家园-悉尼阳光·悉尼星光('121.518732', '31.204969')"
1579,"浦东新区东昌新村('121.511591', '31.232579')"
1580,"浦东新区中建朗阅府('121.627067', '31.176737')"
1581,"浦东新区陆家嘴锦绣前城('121.537669', '31.196306')"
1582,"浦东新区万邦都市花园('121.555310', '31.202049')"
1583,"浦东新区张江汤臣豪园(二期)('121.597415', '31.201899')"
1584,"浦东新区孙桥花苑('121.629508', '31.179885')"
1585,"浦东新区东园一村('121.513045', '31.231747')"
1586,"浦东新区沿河泾南路23弄('121.762735', '31.051217')"
1587,"浦东新区由由二村('121.528040', '31.191896')"
1588,"浦东新区尚峰名邸('121.469936', '31.148417')"
1589,"浦东新区住友昌盛新苑('121.509070', '31.177952')"
1590,"浦东新区远洋万和四季('121.785940', '31.065473')"
1591,"浦东新区中邦大都会('121.573696', '31.136097')"
1592,"浦东新区梅园五街坊('121.529281', '31.231555')"
1593,"浦东新区仁恒森兰雅苑(三期)('121.592493', '31.297130')"
1594,"浦东新区证大家园(三期)('121.596133', '31.280903')"
1595,"浦东新区晶耀名邸('121.476100', '31.150655')"
1596,"浦东新区绿茵苑(浦东)('121.501364', '31.149968')"
1597,"浦东新区民乐城建欣苑('121.744750', '31.057050')"
1598,"浦东新区证大家园(三期)('121.596133', '31.280903')"
1599,"浦东新区恒大星级公寓('121.511121', '31.170907')"
1600,"浦东新区恒大华城长清苑('121.488468', '31.161034')"
1601,"浦东新区上南山水苑('121.503409', '31.158566')"
1602,"浦东新区贵龙园('121.526248', '31.206116')"
1603,"浦东新区仁恒森兰雅苑(三期)('121.592493', '31.297130')"
1604,"浦东新区成功家园(公寓)('121.724737', '31.047621')"
1605,"浦东新区民乐城朗苑('121.745829', '31.056974')"
1606,"浦东新区崂山四村('121.518257', '31.235026')"
1607,"浦东新区中汇花园(南汇)('121.926504', '30.899209')"
1608,"浦东新区幸福小镇('121.608044', '31.300958')"
1609,"浦东新区梅园五街坊('121.529281', '31.231555')"
1610,"浦东新区紫翠苑('121.613337', '31.301854')"
1611,"浦东新区东方城市豪庭('121.768031', '31.047313')"
1612,"浦东新区东晶国际公寓('121.530787', '31.240753')"
1613,"浦东新区海悦华庭('121.479961', '31.150006')"
1614,"浦东新区证大家园(三期)('121.596133', '31.280903')"
1615,"浦东新区东方悦耀('121.544379', '31.221517')"
1616,"浦东新区高行绿洲(二期)('121.593384', '31.327850')"
1617,"浦东新区绿地崴廉公寓('121.613266', '31.290406')"
1618,"浦东新区德州一村('121.494842', '31.169040')"
1619,"浦东新区凯利海华府('121.519374', '31.174036')"
1620,"浦东新区文兰小区('121.525898', '31.210909')"
1621,"浦东新区欣晟家园('121.527917', '31.202198')"
1622,"浦东新区远洋万和四季('121.785940', '31.065473')"
1623,"浦东新区万邦都市花园('121.555310', '31.202049')"
1624,"浦东新区凯利海华府('121.519374', '31.174036')"
1625,"浦东新区绿地MTOWN('121.603490', '31.176805')"
1626,"浦东新区城南路711号('121.761339', '31.042043')"
1627,"浦东新区丽水雅苑北苑('119.857042', '28.414399')"
1628,"浦东新区上南三村('121.497834', '31.173988')"
1629,"浦东新区天池二村('121.542752', '31.184287')"
1630,"浦东新区凯利海华府('121.519374', '31.174036')"
1631,"浦东新区城市经典四期高迪('121.619179', '31.214732')"
1632,"浦东新区申云小区('121.751290', '31.039727')"
1633,"浦东新区凯利海华府('121.519374', '31.174036')"
1634,"浦东新区惠康苑('121.738319', '31.069555')"
1635,"浦东新区凯利海华府('121.519374', '31.174036')"
1636,"浦东新区绿川新苑('121.547250', '31.173444')"
1637,"浦东新区方糖公寓('121.739900', '31.025419')"
1638,"浦东新区展峰大楼('121.508525', '31.172327')"
1639,"浦东新区凯利海华府('121.519374', '31.174036')"
1640,"浦东新区宝华海尚郡领('121.547264', '31.178340')"
1641,"浦东新区城市经典四期高迪('121.619179', '31.214732')"
1642,"浦东新区凯利海华府('121.519374', '31.174036')"
1643,"浦东新区科教园区大学城生活区('121.784405', '31.049024')"
1644,"浦东新区汤臣豪庭('121.613806', '31.219466')"
1645,"浦东新区大华锦绣华城(十四街区)('121.522249', '31.177626')"
1646,"浦东新区大华锦绣华城(十五街区)('121.522249', '31.177626')"
1647,"浦东新区绿地MTOWN('121.603490', '31.176805')"
1648,"浦东新区东城新村('121.542094', '31.199889')"
1649,"浦东新区万邦都市花园('121.555310', '31.202049')"
1650,"浦东新区梅花苑('121.541322', '31.208439')"
1651,"浦东新区新领地('121.549945', '31.202404')"
1652,"浦东新区长达佳苑宜居尚城('121.577930', '31.025910')"
1653,"浦东新区江通苑('121.544379', '31.221517')"
1654,"浦东新区东方冠郡一期('121.655236', '31.026109')"
1655,"浦东新区东绣苑('121.692272', '31.176522')"
1656,"浦东新区听潮一村('121.747967', '31.049545')"
1657,"浦东新区艺泰安邦('117.086963', '36.201784')"
1658,"浦东新区海洲桃花园二期('121.599619', '31.035572')"
1659,"浦东新区保利玲珑公馆('121.854955', '30.866802')"
1660,"浦东新区民乐城惠园('121.736815', '31.066105')"
1661,"浦东新区彩虹新村('121.757807', '31.050572')"
1662,"浦东新区听潮五村('121.747287', '31.044607')"
1663,"浦东新区听潮一村('121.747967', '31.049545')"
1664,"浦东新区阳光苑民耀路268弄('121.651678', '31.274332')"
1665,"浦东新区中虹家园('121.672462', '31.282710')"
1666,"浦东新区丝庐雅苑二期('121.656906', '31.034437')"
1667,"浦东新区阳光苑民同路176弄('121.651440', '31.271735')"
1668,"浦东新区中虹家园('121.672462', '31.282710')"
1669,"浦东新区河滨小区('121.702694', '31.192506')"
1670,"浦东新区金领国际(公寓)('121.679248', '31.253822')"
1671,"浦东新区金海华城悦虹雅苑('121.685960', '31.270435')"
1672,"浦东新区长达佳苑宜居尚城('121.577930', '31.025910')"
1673,"浦东新区百欣苑('121.751821', '31.170675')"
1674,"浦东新区工农新村(新场)('121.644868', '31.021300')"
1675,"浦东新区欣兰苑('121.702453', '31.023613')"
1676,"浦东新区惠康苑东苑('121.740331', '31.069142')"
1677,"浦东新区晨阳小区('121.748812', '31.179596')"
1678,"浦东新区大华珞斐墅('121.528156', '31.173585')"
1679,"浦东新区大华锦绣华城(十八街区)(公寓)('121.542544', '31.177634')"
1680,"浦东新区高科西路2763弄('121.553063', '31.190805')"
1681,"浦东新区凯利海华府('121.519374', '31.174036')"
1682,"浦东新区大华锦绣华城(十一街区)('121.542544', '31.177634')"
1683,"浦东新区莲康苑('121.562439', '31.172048')"
1684,"浦东新区大华锦绣华城(十四街区)('121.522249', '31.177626')"
1685,"浦东新区大华锦绣华城(十八街区)(公寓)('121.542544', '31.177634')"
1686,"浦东新区绿川新苑('121.547250', '31.173444')"
1687,"浦东新区海上国际花园(二期)('121.548362', '31.180543')"
1688,"浦东新区大华锦绣华城(十六街区)(公寓)('121.522249', '31.177626')"
1689,"浦东新区金顺小区('121.536335', '31.182459')"
1690,"浦东新区大华锦绣华城(四街区)('121.522249', '31.177626')"
1691,"浦东新区锦博苑('121.537099', '31.189471')"
1692,"浦东新区培花久远公寓('121.560042', '31.195202')"
1693,"浦东新区由由七村('121.526503', '31.188513')"
1694,"浦东新区大华锦绣华城(十六街区)(公寓)('121.522249', '31.177626')"
1695,"浦东新区凯利海华府('121.519374', '31.174036')"
1696,"浦东新区由由新邸('121.525504', '31.189402')"
1697,"浦东新区凯利海华府('121.519374', '31.174036')"
1698,"浦东新区华佳花园('121.562081', '31.188879')"
1699,"浦东新区培花久远公寓('121.560042', '31.195202')"
1700,"浦东新区培花七村('121.556872', '31.191024')"
1701,"浦东新区凯利海华府('121.519374', '31.174036')"
1702,"浦东新区大华锦绣华城(十六街区)(公寓)('121.522249', '31.177626')"
1703,"浦东新区紫竹轩('121.550702', '31.184492')"
1704,"浦东新区培花久远公寓('121.560042', '31.195202')"
1705,"浦东新区莲珠大厦('121.556020', '31.181437')"
1706,"浦东新区由由二村('121.528040', '31.191896')"
1707,"浦东新区绿川新苑('121.547250', '31.173444')"
1708,"浦东新区南郊花园(公寓)('121.570953', '31.109186')"
1709,"浦东新区百林苑('121.544379', '31.221517')"
1710,"浦东新区高行绿洲(五期)('121.595182', '31.326018')"
1711,"浦东新区南新西园('121.582489', '31.328291')"
1712,"浦东新区紫翠苑('121.613337', '31.301854')"
1713,"浦东新区仁恒东郊花园('121.670675', '31.225424')"
1714,"浦东新区金沁苑('121.599446', '31.081772')"
1715,"浦东新区明天华城('121.579194', '31.101928')"
1716,"浦东新区利津小区('121.578995', '31.279253')"
1717,"浦东新区美林小城('121.563612', '31.114968')"
1718,"浦东新区沪东新村('121.582324', '31.271033')"
1719,"浦东新区印象春城('121.589753', '31.116006')"
1720,"浦东新区沈默花苑('121.577134', '31.111959')"
1721,"浦东新区汇枫公寓('121.583322', '31.090454')"
1722,"浦东新区尼德兰花园（三期）('121.582737', '31.335066')"
1723,"浦东新区绿地东上海一期('121.568373', '31.125810')"
1724,"浦东新区双秀北园('121.564593', '31.123112')"
1725,"浦东新区鹤沙航城航武嘉园('121.595550', '31.075409')"
1726,"浦东新区紫翠苑('121.613337', '31.301854')"
1727,"浦东新区唐丰苑('121.652488', '31.199766')"
1728,"浦东新区东唐苑('121.653560', '31.209315')"
1729,"浦东新区瑞康苑('121.509304', '31.125243')"
1730,"浦东新区建中路126弄('121.613478', '31.203366')"
1731,"浦东新区凌一小区('121.540825', '31.245240')"
1732,"浦东新区汇智湖畔家园('121.606159', '31.199659')"
1733,"浦东新区城市经典四期高迪('121.619179', '31.214732')"
1734,"浦东新区高弘家苑('121.584617', '31.309447')"
1735,"浦东新区黄山新村('121.568219', '31.252844')"
1736,"浦东新区阳光花城('121.623037', '31.208903')"
1737,"浦东新区中建朗阅府('121.627067', '31.176737')"
1738,"浦东新区凯利海华府('121.519374', '31.174036')"
1739,"浦东新区由由七村('121.526503', '31.188513')"
1740,"浦东新区锦博苑('121.537099', '31.189471')"
1741,"浦东新区鹏海小区('121.564144', '31.174509')"
1742,"浦东新区陆家嘴锦绣前城('121.537669', '31.196306')"
1743,"浦东新区培育苑('121.559256', '31.196546')"
1744,"浦东新区芳华路9弄('121.550575', '31.194238')"
1745,"浦东新区宝华海尚郡领('121.547264', '31.178340')"
1746,"浦东新区大华锦绣华城(十五街区)('121.522249', '31.177626')"
1747,"浦东新区由由一村('121.527729', '31.193332')"
1748,"浦东新区由由一村('121.527729', '31.193332')"
1749,"浦东新区培花七村('121.556872', '31.191024')"
1750,"浦东新区大华锦绣华城(十七街区)(公寓)('121.522249', '31.177626')"
1751,"浦东新区大华斐勒公园('121.525438', '31.178897')"
1752,"浦东新区凯利海华府('121.519374', '31.174036')"
1753,"浦东新区大华珞斐墅('121.528156', '31.173585')"
1754,"浦东新区玉兰小区('121.560354', '31.180139')"
1755,"浦东新区莲中二村('121.558223', '31.179906')"
1756,"浦东新区由由七村('121.526503', '31.188513')"
1757,"浦东新区大华珞斐墅('121.528156', '31.173585')"
1758,"浦东新区凯利海华府('121.519374', '31.174036')"
1759,"浦东新区大华锦绣华城(四街区)('121.522249', '31.177626')"
1760,"浦东新区大华锦绣华城(十四街区)('121.522249', '31.177626')"
1761,"浦东新区绿川馨康苑('121.550744', '31.174158')"
1762,"浦东新区芳雅苑('121.563839', '31.195602')"
1763,"浦东新区南新四村('121.541330', '31.173300')"
1764,"浦东新区大华锦绣华城(四街区)('121.522249', '31.177626')"
1765,"浦东新区大华锦绣华城(十四街区)('121.522249', '31.177626')"
1766,"浦东新区由由二村('121.528040', '31.191896')"
1767,"浦东新区陆家嘴锦绣前城('121.537669', '31.196306')"
1768,"浦东新区上南四村('121.497367', '31.172334')"
1769,"浦东新区莲文苑('121.545661', '31.186105')"
1770,"浦东新区南杨小区(长清路)('121.492173', '31.156136')"
1771,"浦东新区梅园一街坊('121.521400', '31.238946')"
1772,"浦东新区民康苑('121.567287', '31.155508')"
1773,"浦东新区昌里路230-280号('121.493900', '31.174004')"
1774,"浦东新区峨山小区('121.523599', '31.213556')"
1775,"浦东新区东欣小区('121.522875', '31.225808')"
1776,"浦东新区济阳一村('121.483052', '31.164999')"
1777,"浦东新区浦发绿城西泰林路901弄('121.536698', '31.154710')"
1778,"浦东新区金橘新苑（南区）('121.523376', '31.149605')"
1779,"浦东新区东昌新村('121.511591', '31.232579')"
1780,"浦东新区德州七村('121.486680', '31.165558')"
1781,"浦东新区中房樱桃苑('121.524531', '31.148129')"
1782,"浦东新区上南六村('121.499225', '31.177319')"
1783,"浦东新区潍坊十村('121.525040', '31.225073')"
1784,"浦东新区王家宅小区('121.525754', '31.216764')"
1785,"浦东新区梅园三街坊('121.524245', '31.234472')"
1786,"浦东新区绿地香颂(浦东)(公寓)('121.696204', '31.215053')"
1787,"浦东新区海尚新纪园('121.493058', '31.139581')"
1788,"浦东新区金光小区('121.512791', '31.145132')"
1789,"浦东新区光辉小区('121.706346', '31.066104')"
1790,"浦东新区东昌新村('121.511591', '31.232579')"
1791,"浦东新区潍坊三村('121.519725', '31.222717')"
1792,"浦东新区梅园三街坊('121.524245', '31.234472')"
1793,"浦东新区由由二村('121.528040', '31.191896')"
1794,"浦东新区杉林新月环林东路879弄('121.529558', '31.141787')"
1795,"浦东新区茂兴大厦('121.514995', '31.210715')"
1796,"浦东新区国地公寓('121.513073', '31.205169')"
1797,"浦东新区凌兆新村(凌兆路530弄)('121.489663', '31.141301')"
1798,"浦东新区大唐盛世花园（二期）('121.559814', '31.209164')"
1799,"浦东新区新领地('121.549945', '31.202404')"
1800,"浦东新区海桐苑('121.550813', '31.204714')"
1801,"浦东新区花木绿城锦绣兰庭('121.545998', '31.203545')"
1802,"浦东新区环龙新纪园('121.554035', '31.205285')"
1803,"浦东新区绿缘公寓('121.548305', '31.209654')"
1804,"浦东新区牡丹路186弄('121.546473', '31.206044')"
1805,"浦东新区锦绣小区('121.568704', '31.225083')"
1806,"浦东新区锦绣小区('121.568704', '31.225083')"
1807,"浦东新区四季全景台('121.553868', '31.211106')"
1808,"浦东新区花木苑('121.543376', '31.210132')"
1809,"浦东新区牡丹路186弄('121.546473', '31.206044')"
1810,"浦东新区玉兰路71弄('121.548543', '31.203844')"
1811,"浦东新区御翠园('121.564601', '31.217468')"
1812,"浦东新区九间堂('121.562219', '31.221697')"
1813,"浦东新区雍景台('121.552852', '31.210877')"
1814,"浦东新区建华新苑('121.553709', '31.209842')"
1815,"浦东新区新领地('121.549945', '31.202404')"
1816,"浦东新区新领地('121.549945', '31.202404')"
1817,"浦东新区雍景台('121.552852', '31.210877')"
1818,"浦东新区海桐苑('121.550813', '31.204714')"
1819,"浦东新区金桂家园('121.569900', '31.225248')"
1820,"浦东新区浦东世纪花园（二期）('121.559417', '31.212004')"
1821,"浦东新区花木绿城锦绣兰庭('121.545998', '31.203545')"
1822,"浦东新区建华新苑('121.553709', '31.209842')"
1823,"浦东新区环龙新纪园('121.554035', '31.205285')"
1824,"浦东新区浦东世纪花园（二期）('121.559417', '31.212004')"
1825,"浦东新区新领地('121.549945', '31.202404')"
1826,"浦东新区浦东世纪花园(公寓)('121.560191', '31.212641')"
1827,"浦东新区大唐盛世花园（一期）('121.556449', '31.208436')"
1828,"浦东新区浦东世纪花园(公寓)('121.560191', '31.212641')"
1829,"浦东新区建华新苑('121.553709', '31.209842')"
1830,"浦东新区梅花新村(花木)('121.761460', '31.050880')"
1831,"浦东新区花木鑫丰苑('121.552977', '31.207076')"
1832,"浦东新区牡丹小区(浦东)('121.544379', '31.221517')"
1833,"浦东新区梅花苑('121.541322', '31.208439')"
1834,"浦东新区大唐盛世花园（二期）('121.559814', '31.209164')"
1835,"浦东新区牡丹小区(浦东)('121.544379', '31.221517')"
1836,"浦东新区金桂家园('121.569900', '31.225248')"
1837,"浦东新区浦东世纪花园(公寓)('121.560191', '31.212641')"
1838,"浦东新区新领地('121.549945', '31.202404')"
1839,"浦东新区牡丹小区(浦东)('121.544379', '31.221517')"
1840,"浦东新区新领地('121.549945', '31.202404')"
1841,"浦东新区金桂小区('121.549713', '31.207283')"
1842,"浦东新区同华大厦('121.610242', '31.253806')"
1843,"浦东新区同华大厦('121.610242', '31.253806')"
1844,"浦东新区同华大厦('121.610242', '31.253806')"
1845,"浦东新区同华大厦('121.610242', '31.253806')"
1846,"浦东新区东波苑二街坊('121.576545', '31.285292')"
1847,"浦东新区船舶新村('121.577214', '31.266923')"
1848,"浦东新区金色维也纳(公寓)('121.564849', '31.222602')"
1849,"浦东新区九间堂('121.562219', '31.221697')"
1850,"浦东新区浦东世纪花园(公寓)('121.560191', '31.212641')"
1851,"浦东新区牡丹路399弄('121.552252', '31.208716')"
1852,"浦东新区寿二小区('121.584828', '31.274641')"
1853,"浦东新区花木绿城锦绣兰庭('121.545998', '31.203545')"
1854,"浦东新区雍景台('121.552852', '31.210877')"
1855,"浦东新区花木苑('121.543376', '31.210132')"
1856,"浦东新区锦绣前程阳光苑('121.547249', '31.201449')"
1857,"浦东新区花木苑('121.543376', '31.210132')"
1858,"浦东新区牡丹路186弄('121.546473', '31.206044')"
1859,"浦东新区锦绣小区('121.568704', '31.225083')"
1860,"浦东新区金桂小区('121.549713', '31.207283')"
1861,"浦东新区玉兰路99弄('121.548496', '31.204265')"
1862,"浦东新区广洋新景苑(公寓)('121.568167', '31.223848')"
1863,"浦东新区大唐盛世花园（一期）('121.556449', '31.208436')"
1864,"浦东新区四季雅苑(公寓)('121.570225', '31.218001')"
1865,"浦东新区浦东世纪花园(公寓)('121.560191', '31.212641')"
1866,"浦东新区牡丹小区(浦东)('121.544379', '31.221517')"
1867,"浦东新区玉兰路81弄('121.547831', '31.203955')"
1868,"浦东新区玉兰路46弄('121.549410', '31.203608')"
1869,"浦东新区浦东世纪花园(公寓)('121.560191', '31.212641')"
1870,"浦东新区浦东世纪花园(公寓)('121.560191', '31.212641')"
1871,"浦东新区大唐盛世花园（一期）('121.556449', '31.208436')"
1872,"浦东新区玉兰路99弄('121.548496', '31.204265')"
1873,"浦东新区大唐盛世花园(三期)('121.559597', '31.206141')"
1874,"浦东新区海桐小区('121.550813', '31.204714')"
1875,"浦东新区锦绣前程阳光苑('121.547249', '31.201449')"
1876,"浦东新区大唐盛世花园（二期）('121.559814', '31.209164')"
1877,"浦东新区新领地('121.549945', '31.202404')"
1878,"浦东新区海桐苑('121.550813', '31.204714')"
1879,"浦东新区花木绿城锦绣兰庭('121.545998', '31.203545')"
1880,"浦东新区环龙新纪园('121.554035', '31.205285')"
1881,"浦东新区绿缘公寓('121.548305', '31.209654')"
1882,"浦东新区牡丹路186弄('121.546473', '31.206044')"
1883,"浦东新区锦绣小区('121.568704', '31.225083')"
1884,"浦东新区锦绣小区('121.568704', '31.225083')"
1885,"浦东新区四季全景台('121.553868', '31.211106')"
1886,"浦东新区花木苑('121.543376', '31.210132')"
1887,"浦东新区牡丹路186弄('121.546473', '31.206044')"
1888,"浦东新区金桥新村四街坊('121.590783', '31.264085')"
1889,"浦东新区沪南船舶小区('121.577719', '31.267033')"
1890,"浦东新区船舶新村('121.577214', '31.266923')"
1891,"浦东新区禹洲蓝爵('121.610574', '31.257330')"
1892,"浦东新区柳博小区(柳一小区)('121.584086', '31.262704')"
1893,"浦东新区金鹏苑('121.590379', '31.255995')"
1894,"浦东新区佳虹小区('121.614940', '31.267649')"
1895,"浦东新区博一小区('121.583518', '31.266963')"
1896,"浦东新区金新花苑('121.587844', '31.257546')"
1897,"浦东新区金鹏苑('121.590379', '31.255995')"
1898,"浦东新区连城苑('121.585235', '31.258979')"
1899,"浦东新区邮电小区(浦东)('121.588588', '31.265392')"
1900,"浦东新区中惠广场('121.609442', '31.253277')"
1901,"浦东新区中大丽都('121.589022', '31.272451')"
1902,"浦东新区东一小区('121.596068', '31.270512')"
1903,"浦东新区寿一小区('121.583101', '31.273477')"
1904,"浦东新区博三小区('121.582877', '31.265971')"
1905,"浦东新区荷一小区('121.593581', '31.272309')"
1906,"浦东新区连城苑('121.585235', '31.258979')"
1907,"浦东新区柳博小区(博二小区)('121.584086', '31.262704')"
1908,"浦东新区荷三小区('121.596580', '31.265197')"
1909,"浦东新区柳博小区(博二小区)('121.584086', '31.262704')"
1910,"浦东新区金桥新城('121.609483', '31.262758')"
1911,"浦东新区东陆新村八街坊('121.600436', '31.277607')"
1912,"浦东新区金桥横街小区('121.590999', '31.252865')"
1913,"浦东新区东五小区(浦东)('121.544379', '31.221517')"
1914,"浦东新区金桥新村四街坊('121.590783', '31.264085')"
1915,"浦东新区阳光国际公寓('121.610916', '31.269527')"
1916,"浦东新区陈家宅小区(浦东大道)('121.572993', '31.266058')"
1917,"浦东新区丽都成品('121.589479', '31.275873')"
1918,"浦东新区环球翡翠湾花园(公寓)('121.532917', '31.153520')"
1919,"浦东新区金光小区('121.512791', '31.145132')"
1920,"浦东新区凌兆新村(三林路711弄)('121.489663', '31.141301')"
1921,"浦东新区中房樱桃苑('121.524531', '31.148129')"
1922,"浦东新区三林安居苑('121.525976', '31.145408')"
1923,"浦东新区浦发御园('121.534266', '31.147101')"
1924,"浦东新区岭南苑(凌兆路99弄)('121.492416', '31.142502')"
1925,"浦东新区浦发御园('121.534266', '31.147101')"
1926,"浦东新区杉林新月环林东路875弄('121.529558', '31.141787')"
1927,"浦东新区凌兆新村(上浦路201弄)('121.489663', '31.141301')"
1928,"浦东新区凌兆新村(上浦路202弄)('121.489663', '31.141301')"
1929,"浦东新区名嘉新苑('121.535794', '31.143890')"
1930,"浦东新区城林美苑西区（三舒路62弄）('121.502797', '31.124842')"
1931,"浦东新区凌兆新村(上浦路165弄)('121.489663', '31.141301')"
1932,"浦东新区三林新村(永泰路133弄)('121.512142', '31.136353')"
1933,"浦东新区同康苑('121.504379', '31.120297')"
1934,"浦东新区依水园一期('121.510045', '31.122820')"
1935,"浦东新区凌兆新村(凌兆路726弄)('121.489663', '31.141301')"
1936,"浦东新区依水园二期('121.508392', '31.122068')"
1937,"浦东新区三林新村(永泰路468弄)('121.512142', '31.136353')"
1938,"浦东新区东方康德家园一期('121.513978', '31.126238')"
1939,"浦东新区盛源公寓('121.527768', '31.144071')"
1940,"浦东新区杉林新月环林东路875弄('121.529558', '31.141787')"
1941,"浦东新区凌兆新村(上浦路69弄)('121.489663', '31.141301')"
1942,"浦东新区凌兆新村(上浦路336弄)('121.489663', '31.141301')"
1943,"浦东新区凌兆新村(上浦路510弄)('121.489663', '31.141301')"
1944,"浦东新区三新路5弄('121.506818', '31.139340')"
1945,"浦东新区凌兆新村(上浦路606弄)('121.489663', '31.141301')"
1946,"浦东新区保利林语溪(公寓)('121.537300', '31.131429')"
1947,"浦东新区浦发绿城永泰路1960弄('121.536698', '31.154710')"
1948,"浦东新区柳博小区(柳一小区)('121.584086', '31.262704')"
1949,"浦东新区金鹏苑('121.590379', '31.255995')"
1950,"浦东新区佳虹小区('121.614940', '31.267649')"
1951,"浦东新区博一小区('121.583518', '31.266963')"
1952,"浦东新区金新花苑('121.587844', '31.257546')"
1953,"浦东新区金鹏苑('121.590379', '31.255995')"
1954,"浦东新区连城苑('121.585235', '31.258979')"
1955,"浦东新区邮电小区(浦东)('121.588588', '31.265392')"
1956,"浦东新区中惠广场('121.609442', '31.253277')"
1957,"浦东新区中大丽都('121.589022', '31.272451')"
1958,"浦东新区东一小区('121.596068', '31.270512')"
1959,"浦东新区寿一小区('121.583101', '31.273477')"
1960,"浦东新区博三小区('121.582877', '31.265971')"
1961,"浦东新区荷一小区('121.593581', '31.272309')"
1962,"浦东新区连城苑('121.585235', '31.258979')"
1963,"浦东新区柳博小区(博二小区)('121.584086', '31.262704')"
1964,"浦东新区荷三小区('121.596580', '31.265197')"
1965,"浦东新区柳博小区(博二小区)('121.584086', '31.262704')"
1966,"浦东新区金桥新城('121.609483', '31.262758')"
1967,"浦东新区东陆新村八街坊('121.600436', '31.277607')"
1968,"浦东新区金桥横街小区('121.590999', '31.252865')"
1969,"浦东新区东五小区(浦东)('121.544379', '31.221517')"
1970,"浦东新区金桥新村四街坊('121.590783', '31.264085')"
1971,"浦东新区阳光国际公寓('121.610916', '31.269527')"
1972,"浦东新区陈家宅小区(浦东大道)('121.572993', '31.266058')"
1973,"浦东新区丽都成品('121.589479', '31.275873')"
1974,"浦东新区禹洲金桥国际('121.613736', '31.256113')"
1975,"浦东新区柳博小区(博二小区)('121.584086', '31.262704')"
1976,"浦东新区莱阳北小区('121.578113', '31.273525')"
1977,"浦东新区东五小区(浦东)('121.544379', '31.221517')"
1978,"浦东新区浦建小区('121.520547', '31.210053')"
1979,"浦东新区微山三村('121.511001', '31.207253')"
1980,"浦东新区欣晟家园('121.527917', '31.202198')"
1981,"浦东新区齐河三小区('121.515422', '31.183671')"
1982,"浦东新区宏润公寓('121.516117', '31.206571')"
1983,"浦东新区怡东花园(公寓)('121.526737', '31.203357')"
1984,"浦东新区峨山小区('121.523599', '31.213556')"
1985,"浦东新区塘东小区('121.528057', '31.213094')"
1986,"浦东新区微山新村('121.515364', '31.209440')"
1987,"浦东新区东方汇景苑('121.523600', '31.201994')"
1988,"浦东新区澳丽花园('121.518303', '31.207388')"
1989,"浦东新区东方金座('121.531093', '31.208404')"
1990,"浦东新区海运新村('121.514407', '31.207002')"
1991,"浦东新区蓝高小区('121.531716', '31.210723')"
1992,"浦东新区山泉花苑('121.525100', '31.214956')"
1993,"浦东新区东南华庭('121.517050', '31.205692')"
1994,"浦东新区蓝高小区('121.531716', '31.210723')"
1995,"浦东新区微山新村('121.515364', '31.209440')"
1996,"浦东新区宁阳小区('121.517816', '31.212481')"
1997,"浦东新区宁阳小区('121.517816', '31.212481')"
1998,"浦东新区微山二村('121.513534', '31.208331')"
1999,"浦东新区南泉小区('121.522174', '31.213072')"
